{"type":"FeatureCollection","name":"Natural Earth 50m geography regions, Range/mtn only, public domain","features":[{"type":"Feature","properties":{"name":"GREAT DIVIDING RANGE"},"geometry":{"type":"Polygon","coordinates":[[[146.85,-38.02],[146.66,-38.03],[146.16,-38.01],[146.06,-37.99],[145.98,-37.96],[145.81,-37.89],[145.72,-37.87],[144.91,-37.75],[144.34,-37.63],[144.13,-37.61],[144.04,-37.58],[143.96,-37.53],[143.89,-37.44],[143.84,-37.36],[143.81,-37.28],[143.81,-37.21],[143.85,-37.13],[144.01,-37.01],[144.23,-36.96],[145.47,-36.9],[145.85,-36.83],[146.22,-36.66],[146.94,-36.21],[147.79,-35.59],[148,-35.39],[148.18,-35.18],[148.34,-34.94],[148.67,-34.31],[149.09,-33.37],[149.17,-33.12],[149.21,-32.85],[149.21,-32.54],[149.18,-32.23],[149.11,-31.96],[149.06,-31.84],[149.04,-31.78],[149.02,-31.71],[149,-31.52],[149,-31.42],[149.01,-31.32],[149.07,-31.19],[149.18,-31.05],[149.75,-30.42],[150.04,-30.15],[150.22,-30.01],[150.42,-29.88],[150.63,-29.79],[151.02,-29.58],[151.3,-29.27],[151.48,-28.89],[151.57,-28.46],[151.6,-27.76],[151.65,-27.3],[151.61,-27.07],[151.53,-26.86],[151.39,-26.66],[151.33,-26.61],[151.26,-26.57],[151.12,-26.5],[150.9,-26.35],[150.82,-26.3],[150.69,-26.26],[150.55,-26.23],[150.19,-26.21],[150.15,-26.21],[149.82,-26.16],[148.66,-26.01],[148.41,-25.99],[148.26,-25.95],[148.12,-25.88],[147.53,-25.41],[147.22,-25.08],[147.11,-24.98],[146.36,-24.49],[146.24,-24.39],[146.14,-24.28],[145.63,-23.63],[145.49,-23.4],[144.49,-21.53],[144.08,-20.6],[144.01,-20.4],[143.96,-20.19],[143.93,-19.98],[143.92,-19.44],[143.89,-19.27],[143.86,-19.17],[143.77,-19],[143.74,-18.91],[143.72,-18.81],[143.7,-18.72],[143.69,-18.62],[143.67,-18.03],[143.61,-17.53],[143.26,-15.5],[143.06,-14.84],[143.03,-14.73],[142.98,-14.51],[142.89,-13.83],[142.84,-13.64],[142.72,-13.29],[142.68,-13.1],[142.69,-12.91],[142.75,-12.74],[142.86,-12.66],[143.04,-12.73],[143.17,-12.89],[143.28,-13.11],[143.36,-13.34],[143.48,-13.88],[143.53,-14.04],[143.61,-14.19],[143.8,-14.51],[143.8,-14.51],[143.92,-14.66],[144.04,-14.8],[144.18,-14.9],[144.64,-15.13],[144.78,-15.25],[144.88,-15.4],[145.61,-16.8],[145.7,-16.95],[145.83,-17.32],[145.88,-17.7],[145.88,-17.99],[145.89,-18.1],[145.89,-18.13],[145.91,-18.27],[146.07,-18.68],[146.31,-19],[146.63,-19.24],[147.14,-19.49],[147.36,-19.62],[147.73,-19.86],[147.97,-20.05],[148.2,-20.25],[148.43,-20.47],[148.62,-20.69],[148.8,-20.92],[148.88,-21.02],[148.97,-21.11],[149.06,-21.21],[149.12,-21.32],[149.58,-22.52],[149.68,-22.7],[149.81,-22.85],[149.98,-23.01],[150.53,-23.46],[150.79,-23.7],[152.55,-25.86],[152.64,-26],[152.7,-26.14],[152.75,-26.31],[152.78,-26.65],[152.85,-27.06],[152.87,-27.13],[152.92,-27.23],[152.94,-27.28],[152.98,-27.49],[153.02,-27.64],[153.21,-28.11],[153.25,-28.28],[153.27,-28.45],[153.3,-28.9],[153.29,-29.18],[153.27,-29.31],[153.24,-29.45],[153.2,-29.58],[153.09,-29.83],[152.98,-30.04],[152.96,-30.08],[152.93,-30.27],[152.74,-31],[152.67,-31.2],[152.48,-31.66],[152.1,-32.37],[152.01,-32.48],[151.28,-33.23],[151.13,-33.41],[151.01,-33.6],[150.92,-33.8],[150.78,-34.22],[150.65,-34.55],[150.32,-35.19],[150,-35.74],[149.87,-35.99],[149.77,-36.26],[149.72,-36.54],[149.71,-36.82],[149.67,-36.96],[149.59,-37.08],[149.46,-37.19],[149.32,-37.28],[149.17,-37.36],[149.03,-37.41],[148.6,-37.48],[148.46,-37.52],[147.55,-37.88],[147.23,-37.97],[147.05,-38],[146.85,-38.02]]]}},{"type":"Feature","properties":{"name":"ALPS"},"geometry":{"type":"Polygon","coordinates":[[[15.31,46.43],[15.27,46.4],[15.21,46.38],[14.99,46.32],[14.9,46.31],[14.81,46.31],[14.39,46.38],[14.05,46.42],[13.72,46.41],[13.4,46.34],[12.02,45.95],[11.81,45.92],[11.6,45.86],[11.43,45.76],[11.29,45.6],[11.21,45.56],[11.09,45.56],[9.32,45.92],[8.77,45.93],[8.32,45.81],[7.95,45.61],[7.65,45.42],[7.47,45.19],[7.41,44.9],[7.45,44.59],[7.54,44.31],[7.53,44.24],[7.51,44.08],[7.3,43.91],[7.01,43.79],[6.78,43.72],[6.4,43.67],[6.26,43.67],[6.06,43.67],[5.72,43.76],[5.39,43.97],[5.17,44.31],[5.16,44.7],[5.26,45.06],[5.39,45.32],[5.5,45.48],[5.63,45.63],[5.79,45.79],[6.52,46.42],[6.87,46.68],[7.43,47.01],[8.01,47.27],[8.58,47.46],[9.08,47.58],[11.12,47.97],[11.67,48.01],[15.12,48.09],[15.53,48.14],[15.83,48.15],[16.03,48.09],[16.15,48],[16.18,47.96],[16.16,47.85],[16.1,47.7],[16.01,47.56],[15.9,47.47],[15.77,47.41],[15.52,47.28],[15.41,47.2],[15.33,47.13],[15.3,47.06],[15.3,46.98],[15.35,46.77],[15.37,46.65],[15.37,46.53],[15.31,46.43]]]}},{"type":"Feature","properties":{"name":"TIAN SHAN"},"geometry":{"type":"MultiPolygon","coordinates":[[[[74.73,42.68],[74.6,42.69],[74.39,42.71],[74.71,42.69],[74.73,42.68]]],[[[74.39,42.71],[73.85,42.73],[74.6,42.69],[74.75,42.68],[74.73,42.68],[75.09,42.66],[75.42,42.72],[76.32,43.21],[83.41,43.56],[83.58,43.6],[83.65,43.62],[84.39,43.96],[85.68,44.06],[86.7,44.14],[87.99,43.91],[90.3,43.88],[92.11,44.17],[94.93,43.9],[95.01,43.87],[95.08,43.84],[95.14,43.78],[95.18,43.69],[95.21,43.58],[95.22,43.3],[95.17,43.06],[95.06,42.88],[94.9,42.74],[94.7,42.64],[94.47,42.57],[93.95,42.55],[93.82,42.56],[93.7,42.6],[93.51,42.7],[93.14,42.99],[92.94,43.09],[92.73,43.14],[90.96,43.16],[90.72,43.09],[90.57,42.98],[90.53,42.82],[90.03,42.69],[89.78,42.66],[89.65,42.67],[88.86,42.95],[88.73,42.96],[88.6,42.92],[88.49,42.84],[88.47,42.8],[88.45,42.77],[88.42,42.62],[88.41,42.58],[88.39,42.55],[88.36,42.51],[87.28,41.85],[86.88,41.73],[86.6,41.71],[84.49,42],[82.17,41.66],[77.17,39.89],[74.85,39.66],[73.06,39.75],[73.01,39.77],[72.99,39.8],[72.98,39.85],[72.99,40.02],[73.21,40.67],[73.35,41.8],[73.34,41.92],[73.12,42.42],[73.12,42.51],[73.2,42.65],[73.33,42.73],[73.51,42.77],[74.39,42.71]]]]}},{"type":"Feature","properties":{"name":"URAL MOUNTAINS"},"geometry":{"type":"Polygon","coordinates":[[[57.76,51.7],[57.38,51.57],[57.02,51.61],[56.69,51.77],[56.43,52.04],[56.27,52.38],[56.22,53.1],[56.41,53.79],[56.7,54.37],[56.96,54.78],[57.13,55.24],[57.6,57.6],[57.65,58.17],[57.66,59.36],[57.74,59.97],[57.93,60.61],[58.18,61.22],[58.26,61.39],[58.42,61.74],[58.48,61.96],[58.57,62.25],[58.62,62.83],[58.61,63.05],[58.57,63.79],[58.57,63.79],[58.57,63.79],[58.62,64.11],[58.78,64.43],[59.19,65.08],[59.43,65.36],[59.75,65.53],[60.12,65.62],[60.88,65.67],[61.6,65.83],[62.25,65.92],[62.5,65.99],[62.72,66.1],[63.23,66.46],[63.59,66.66],[63.94,66.82],[64.18,66.91],[64.33,66.99],[64.48,67.12],[64.75,67.41],[64.88,67.5],[65.02,67.53],[65.17,67.55],[65.34,67.58],[65.35,67.58],[65.48,67.71],[65.53,67.86],[65.55,67.92],[65.59,68.13],[65.65,68.21],[65.67,68.23],[65.69,68.24],[65.87,68.29],[65.98,68.32],[65.98,68.32],[66.21,68.36],[66.26,68.36],[66.31,68.35],[66.51,68.34],[66.76,68.22],[66.89,67.98],[66.91,67.68],[66.85,67.36],[66.63,67.11],[66.24,66.96],[65.33,66.8],[64.92,66.7],[64.51,66.56],[64.18,66.41],[63.98,66.28],[63.8,66.13],[63.53,65.96],[63.21,65.8],[62.89,65.7],[62.61,65.63],[62.39,65.54],[62.21,65.42],[61.96,65.07],[61.74,64.94],[61.4,64.83],[60.88,64.73],[60.41,64.55],[60.2,64.27],[60,63.53],[59.94,63.11],[59.87,62.16],[59.85,61.25],[59.79,60.76],[59.52,59.82],[59.54,59.46],[59.88,58.01],[60.32,56.62],[60.41,56.16],[60.32,55.78],[60.06,55.3],[59.66,54.8],[59.39,54.57],[59.33,54.52],[58.73,53.99],[58.53,53.58],[58.46,53.16],[58.46,52.76],[58.36,52.37],[58.1,51.99],[57.76,51.7]]]}},{"type":"Feature","properties":{"name":"CAUCASUS MTS."},"geometry":{"type":"Polygon","coordinates":[[[37.98,44.99],[38.13,44.99],[38.45,45.02],[39.33,45.06],[39.51,45.06],[39.75,45.05],[40,45.03],[40.17,45.03],[40.37,45.03],[40.49,45.01],[40.61,44.97],[40.66,44.95],[40.93,44.82],[41.01,44.79],[41.16,44.74],[41.24,44.71],[41.3,44.66],[41.41,44.56],[41.48,44.52],[41.56,44.47],[42.32,44.17],[42.56,44.09],[42.61,44.08],[42.81,44.04],[43.42,43.99],[43.47,43.99],[43.9,43.9],[44.13,43.86],[44.25,43.82],[44.36,43.77],[44.4,43.75],[44.71,43.58],[44.78,43.53],[44.91,43.42],[44.95,43.39],[44.98,43.37],[45.06,43.33],[45.3,43.28],[45.52,43.32],[45.73,43.4],[45.97,43.44],[46.1,43.42],[46.16,43.42],[46.55,43.28],[46.7,43.27],[46.74,43.27],[46.91,43.27],[47.04,43.22],[47.07,43.19],[47.14,43.11],[47.21,42.94],[47.22,42.87],[47.22,42.86],[47.22,42.8],[47.22,42.78],[47.23,42.7],[47.26,42.63],[47.33,42.57],[47.43,42.52],[47.63,42.45],[47.74,42.41],[48.21,42.15],[48.27,42.11],[48.29,42.1],[48.3,42.08],[48.38,41.95],[48.43,41.92],[48.48,41.91],[48.56,41.86],[48.67,41.68],[48.75,41.6],[48.85,41.52],[48.94,41.44],[49.01,41.35],[49.17,41.13],[49.17,41.12],[49.23,41.03],[49.29,40.96],[49.32,40.93],[49.42,40.74],[49.46,40.56],[49.46,40.55],[49.46,40.55],[49.39,40.42],[49.25,40.37],[49.08,40.38],[48.92,40.41],[48.77,40.45],[48.6,40.52],[47.49,41.04],[47.29,41.15],[46.91,41.4],[46.71,41.5],[46.49,41.56],[46.39,41.57],[46.06,41.56],[45.95,41.57],[45.84,41.6],[45.73,41.63],[45.62,41.68],[45.43,41.78],[45.23,41.89],[45.03,41.99],[44.82,42.04],[44.67,42.05],[44.53,42.08],[44.39,42.13],[44.12,42.24],[43.99,42.26],[42.97,42.26],[42.87,42.28],[42.77,42.3],[42.48,42.41],[42.38,42.43],[41.73,42.47],[41.6,42.5],[41.55,42.53],[41.52,42.56],[41.49,42.66],[41.42,42.74],[41.4,42.74],[41.39,42.75],[41.37,42.77],[41.34,42.8],[40.58,43.21],[40.44,43.27],[40.04,43.42],[40.01,43.44],[39.95,43.47],[39.91,43.48],[39.85,43.49],[39.84,43.5],[39.62,43.66],[39.41,43.84],[39.19,44.01],[38.99,44.15],[38.78,44.27],[38.25,44.54],[38.16,44.57],[37.99,44.61],[37.95,44.62],[37.85,44.7],[37.79,44.68],[37.49,44.82],[37.3,44.89],[37.29,44.89],[37.28,44.91],[37.21,44.97],[37.21,45.02],[37.21,45.02],[37.22,45.04],[37.24,45.07],[37.31,45.1],[37.39,45.1],[37.49,45.08],[37.67,45.02],[37.84,45],[37.98,44.99]]]}},{"type":"Feature","properties":{"name":"HIMALAYAS"},"geometry":{"type":"Polygon","coordinates":[[[84.91,29.18],[87.39,29.13],[87.72,29.26],[88.06,29.32],[92.47,29.1],[93.2,28.91],[93.37,28.89],[93.52,28.9],[93.62,28.93],[93.9,29.11],[94.39,29.24],[94.78,29.43],[94.91,29.49],[95.16,29.73],[95.21,29.76],[95.27,29.78],[95.33,29.78],[95.39,29.78],[95.46,29.76],[95.51,29.73],[95.57,29.69],[95.62,29.64],[95.64,29.6],[95.65,29.58],[95.66,29.56],[95.66,29.54],[95.66,29.51],[95.63,29.49],[94.96,29.19],[94.9,29.15],[94.85,29.1],[94.8,29.01],[94.79,28.92],[94.82,28.84],[94.88,28.77],[95.26,28.48],[95.28,28.43],[95.29,28.4],[95.27,28.32],[95.27,28.28],[95.29,28.22],[95.31,28.17],[95.33,28.14],[94.91,27.8],[94.35,27.34],[93.83,27.12],[91.68,26.86],[89.65,26.9],[89.59,26.9],[89.38,26.95],[89.2,27.03],[88.9,27.15],[88.8,27.16],[88.69,27.15],[88.65,27.14],[88.25,26.99],[87.78,26.9],[87.02,27.03],[85.34,27.3],[84.67,27.57],[83.86,27.7],[83.73,27.75],[83.5,27.87],[83.3,27.95],[82.49,28.01],[82.4,28.05],[82,28.38],[79.31,29.96],[77.31,31.13],[75.95,32.23],[75.72,32.41],[75.58,32.6],[75.55,32.68],[75.52,32.77],[75.53,32.92],[75.59,33.05],[76.09,33.53],[76.2,33.67],[76.27,33.74],[76.38,33.79],[77,33.87],[77.38,33.91],[77.49,33.87],[78.03,33.52],[78.22,33.4],[84.52,29.32],[84.91,29.18]]]}},{"type":"Feature","properties":{"name":"ANDES"},"geometry":{"type":"MultiPolygon","coordinates":[[[[-68.34,10.74],[-68.33,10.65],[-68.33,10.64],[-68.32,10.53],[-68.29,10.53],[-68.26,10.53],[-68.19,10.53],[-68.14,10.49],[-67.87,10.47],[-67.58,10.52],[-67.58,10.52],[-67.54,10.52],[-66.12,10.51],[-66.09,10.48],[-66.09,10.47],[-66.03,10.42],[-65.82,10.21],[-68.75,9.79],[-68.78,9.77],[-69.28,9.47],[-69.43,9.35],[-70.79,8.26],[-70.86,8.2],[-71.38,7.73],[-71.43,7.68],[-71.84,7.3],[-71.7,6.44],[-71.69,6.36],[-71.75,6.29],[-71.76,6.27],[-73.48,4.17],[-73.56,4.08],[-73.58,3.98],[-73.63,3.55],[-73.74,2.72],[-73.78,2.41],[-73.79,2.31],[-73.87,2.26],[-73.9,2.24],[-76.69,0.64],[-77.48,-1.32],[-77.32,-4.55],[-75.52,-6.3],[-75.32,-9.04],[-75.32,-9.04],[-75.31,-9.15],[-74.02,-10.44],[-73.91,-10.55],[-73.19,-11.27],[-72.29,-11.78],[-72.28,-11.79],[-71.59,-12.17],[-71.29,-12.35],[-71.13,-12.43],[-70.2,-12.88],[-68.75,-13.57],[-68.03,-13.91],[-66.65,-15.41],[-65.21,-16.98],[-64.69,-17.21],[-63.51,-17.75],[-63.46,-17.78],[-63.42,-18.04],[-63.14,-19.82],[-63.12,-19.96],[-63.09,-20.16],[-63.74,-22.81],[-63.83,-23.18],[-63.87,-23.36],[-64.3,-25.03],[-64.36,-25.22],[-64.57,-25.98],[-65.44,-27.13],[-65.51,-27.22],[-65.57,-27.3],[-65.57,-27.32],[-65.1,-28.36],[-66.63,-29.42],[-67.24,-30.91],[-67.49,-31.52],[-67.58,-31.75],[-67.96,-32.05],[-68.07,-32.13],[-68.59,-32.54],[-69.07,-34.02],[-69.38,-35.51],[-69.17,-35.98],[-68.69,-36.09],[-69.65,-38.52],[-70.81,-41.7],[-71.08,-42.97],[-70.71,-44.55],[-70.97,-45.77],[-72.35,-49.63],[-72.19,-50.8],[-71.98,-52.07],[-71.13,-52.54],[-70.81,-52.81],[-70.84,-52.89],[-70.82,-52.96],[-70.95,-53.23],[-70.98,-53.37],[-70.99,-53.45],[-70.95,-53.57],[-71,-53.78],[-71.08,-53.82],[-71.3,-53.88],[-71.44,-53.84],[-71.69,-53.8],[-71.87,-53.72],[-72.1,-53.67],[-72.17,-53.63],[-72.38,-53.47],[-72.4,-53.42],[-72.41,-53.35],[-72.31,-53.25],[-72.25,-53.25],[-72.08,-53.25],[-71.94,-53.23],[-71.85,-53.29],[-71.83,-53.4],[-71.87,-53.46],[-71.9,-53.5],[-71.89,-53.52],[-71.79,-53.48],[-71.74,-53.23],[-71.4,-53.11],[-71.29,-53.03],[-71.18,-52.92],[-71.16,-52.89],[-71.16,-52.85],[-71.23,-52.81],[-71.39,-52.76],[-71.9,-53],[-72.13,-53.06],[-72.28,-53.13],[-72.46,-53.25],[-72.49,-53.29],[-72.53,-53.37],[-72.55,-53.46],[-72.73,-53.42],[-73,-53.29],[-73.05,-53.24],[-73,-53.18],[-72.92,-53.12],[-72.91,-52.94],[-72.89,-52.87],[-72.83,-52.82],[-72.73,-52.76],[-72.68,-52.75],[-72.63,-52.77],[-72.63,-52.82],[-72.45,-52.81],[-72.12,-52.65],[-71.98,-52.65],[-71.8,-52.68],[-71.59,-52.66],[-71.55,-52.64],[-71.51,-52.61],[-71.66,-52.56],[-71.81,-52.54],[-72.23,-52.52],[-72.32,-52.54],[-72.44,-52.63],[-72.48,-52.6],[-72.5,-52.56],[-72.64,-52.53],[-72.71,-52.54],[-72.78,-52.58],[-72.77,-52.64],[-72.8,-52.71],[-72.93,-52.78],[-73.02,-52.89],[-73.02,-52.98],[-73.02,-53.02],[-73.06,-53.05],[-73.12,-53.07],[-73.34,-53.05],[-73.46,-52.96],[-73.51,-52.9],[-73.65,-52.84],[-73.35,-52.75],[-73.24,-52.71],[-73.14,-52.6],[-73.07,-52.54],[-73.12,-52.49],[-73.18,-52.49],[-73.18,-52.56],[-73.24,-52.62],[-73.38,-52.6],[-73.59,-52.69],[-73.68,-52.67],[-73.74,-52.21],[-73.7,-52.2],[-73.69,-52.14],[-73.68,-52.08],[-73.65,-52.08],[-73.53,-52.15],[-73.46,-52.15],[-73.33,-52.17],[-73.26,-52.16],[-73.14,-52.13],[-72.94,-52.05],[-72.84,-51.96],[-72.8,-51.95],[-72.74,-51.96],[-72.7,-51.99],[-72.69,-52.04],[-72.65,-52.1],[-72.59,-52.15],[-72.57,-52.2],[-72.58,-52.25],[-72.69,-52.33],[-72.71,-52.36],[-72.68,-52.38],[-72.63,-52.37],[-72.57,-52.33],[-72.53,-52.28],[-72.52,-52.26],[-72.52,-52.22],[-72.52,-52.17],[-72.61,-52.04],[-72.62,-52.01],[-72.62,-51.95],[-72.52,-51.89],[-72.49,-51.85],[-72.49,-51.76],[-72.54,-51.71],[-72.76,-51.57],[-73.13,-51.44],[-73.17,-51.45],[-73.2,-51.48],[-73.16,-51.5],[-73.11,-51.5],[-72.79,-51.61],[-72.7,-51.68],[-72.65,-51.7],[-72.58,-51.74],[-72.6,-51.8],[-72.93,-51.86],[-73.19,-51.99],[-73.38,-52.07],[-73.52,-52.04],[-73.58,-51.96],[-73.65,-51.86],[-73.75,-51.8],[-73.81,-51.8],[-73.85,-51.79],[-73.93,-51.61],[-73.9,-51.33],[-73.94,-51.27],[-74.1,-51.21],[-74.3,-50.7],[-74.31,-50.59],[-74.19,-50.78],[-74.16,-50.8],[-74.14,-50.82],[-73.85,-50.94],[-73.81,-50.94],[-73.82,-50.84],[-73.74,-50.7],[-73.66,-50.65],[-73.62,-50.65],[-73.61,-50.63],[-73.69,-50.57],[-73.65,-50.49],[-73.68,-50.49],[-73.75,-50.54],[-73.89,-50.78],[-73.98,-50.83],[-74.1,-50.72],[-74.16,-50.64],[-74.2,-50.61],[-74.19,-50.49],[-73.95,-50.51],[-74.03,-50.47],[-74.31,-50.4],[-74.33,-50.39],[-74.35,-49.99],[-74.33,-49.97],[-74.02,-50.02],[-73.96,-49.99],[-74.01,-49.93],[-74.07,-49.95],[-74.17,-49.91],[-74.32,-49.78],[-74.32,-49.72],[-74.29,-49.6],[-74.23,-49.58],[-74.1,-49.56],[-73.96,-49.59],[-73.89,-49.62],[-73.84,-49.61],[-73.89,-49.52],[-73.99,-49.49],[-74.09,-49.43],[-74.08,-49.36],[-74.05,-49.31],[-74.02,-49.24],[-74.01,-49.16],[-74.02,-49.09],[-73.98,-49.06],[-73.94,-49.05],[-73.93,-49.02],[-74.03,-49.03],[-74.06,-49.11],[-74.07,-49.19],[-74.14,-49.25],[-74.17,-49.32],[-74.18,-49.4],[-74.22,-49.5],[-74.3,-49.46],[-74.35,-49.43],[-74.37,-49.4],[-74.36,-49.35],[-74.38,-49.05],[-74.38,-48.79],[-74.34,-48.6],[-74.23,-48.52],[-74.18,-48.49],[-74.13,-48.5],[-74.06,-48.5],[-74.01,-48.47],[-74.17,-48.43],[-74.27,-48.45],[-74.34,-48.49],[-74.4,-48.48],[-74.4,-48.01],[-74.25,-48.04],[-73.85,-48.04],[-73.53,-48.2],[-73.38,-48.18],[-73.39,-48.15],[-73.5,-48.11],[-73.57,-48.02],[-73.61,-47.99],[-73.63,-47.94],[-73.64,-47.88],[-73.72,-47.66],[-73.75,-47.66],[-73.78,-47.74],[-73.85,-47.87],[-73.94,-47.93],[-74.08,-47.95],[-74.23,-47.97],[-74.35,-47.94],[-74.38,-47.89],[-74.38,-47.83],[-74.39,-47.82],[-74.39,-47.65],[-74.38,-47.62],[-74.32,-47.67],[-74.24,-47.68],[-74.15,-47.63],[-74.13,-47.59],[-74.19,-47.57],[-74.24,-47.56],[-74.32,-47.53],[-74.36,-47.51],[-74.35,-47.47],[-74.35,-47.46],[-74.31,-47.27],[-74.22,-47.21],[-74.16,-47.18],[-74.21,-47.08],[-74.15,-46.97],[-74.21,-46.88],[-74.22,-46.87],[-74.22,-46.85],[-73.71,-46.03],[-73.71,-46.07],[-73.81,-46.38],[-73.93,-46.5],[-73.95,-46.53],[-73.94,-46.57],[-73.85,-46.57],[-73.77,-46.5],[-73.72,-46.42],[-73.66,-46.3],[-73.67,-46.21],[-73.65,-46.16],[-73.63,-45.99],[-73.59,-45.9],[-73.59,-45.84],[-73.59,-45.83],[-73.48,-45.44],[-73.38,-45.38],[-73.27,-45.35],[-73.2,-45.35],[-72.98,-45.45],[-72.93,-45.45],[-72.94,-45.42],[-72.98,-45.39],[-73.06,-45.36],[-73.23,-45.26],[-73.42,-45.24],[-73.35,-44.98],[-73.26,-44.96],[-73.08,-44.92],[-72.74,-44.73],[-72.68,-44.59],[-72.66,-44.44],[-72.83,-44.4],[-73,-44.29],[-73.14,-44.24],[-73.15,-44.23],[-73.07,-43.96],[-73.07,-43.95],[-72.82,-43.04],[-72.76,-43.04],[-72.76,-42.99],[-72.77,-42.91],[-72.78,-42.89],[-72.68,-42.51],[-72.65,-42.52],[-72.63,-42.51],[-72.67,-42.47],[-72.66,-42.45],[-72.66,-42.21],[-72.63,-42.2],[-72.55,-42.26],[-72.43,-42.43],[-72.41,-42.39],[-72.46,-42.21],[-72.5,-41.98],[-72.62,-42.01],[-72.66,-42.01],[-72.66,-41.74],[-72.66,-41.74],[-72.49,-41.72],[-72.36,-41.65],[-72.32,-41.5],[-72.36,-41.51],[-72.43,-41.65],[-72.54,-41.69],[-72.6,-41.68],[-72.66,-41.66],[-72.66,-41.47],[-72.66,-40.74],[-71.94,-38.07],[-71.92,-37.99],[-71.75,-36.79],[-71.53,-35.32],[-71.45,-34.77],[-71.65,-33.57],[-71.65,-33.56],[-71.64,-33.52],[-71.65,-33.5],[-71.65,-33.09],[-71.65,-33.03],[-71.64,-33.02],[-71.59,-32.97],[-71.45,-32.66],[-71.46,-32.54],[-71.42,-32.39],[-71.51,-32.21],[-71.53,-31.81],[-71.58,-31.5],[-71.66,-31.17],[-71.65,-30.99],[-71.67,-30.91],[-71.68,-30.38],[-71.67,-30.33],[-71.4,-30.14],[-71.35,-29.93],[-71.32,-29.65],[-71.33,-29.44],[-71.35,-29.35],[-71.39,-29.31],[-71.39,-29.29],[-70.83,-27.3],[-70.46,-25.96],[-70.49,-25.41],[-70.49,-25.38],[-70.45,-25.25],[-70.45,-25.17],[-70.51,-24.94],[-70.52,-24.88],[-70.54,-24.38],[-70.54,-24.32],[-70.51,-24.13],[-70.52,-23.97],[-70.51,-23.89],[-70.49,-23.78],[-70.41,-23.66],[-70.39,-23.57],[-70.42,-23.53],[-70.51,-23.48],[-70.59,-23.37],[-70.59,-23.26],[-70.57,-23.17],[-70.57,-23.11],[-70.55,-23.07],[-70.55,-23.05],[-70.45,-23.03],[-70.39,-22.97],[-70.33,-22.85],[-70.26,-22.56],[-70.23,-22.19],[-70.19,-21.97],[-70.16,-21.87],[-70.13,-21.64],[-70.09,-21.49],[-70.08,-21.36],[-70.09,-21.25],[-70.18,-20.8],[-70.19,-20.57],[-70.19,-20.53],[-70.15,-20.23],[-70.15,-19.81],[-70.16,-19.71],[-70.2,-19.61],[-70.21,-19.49],[-70.27,-19.3],[-70.29,-18.85],[-70.3,-18.76],[-70.32,-18.44],[-70.36,-18.4],[-70.78,-18.01],[-71.4,-17.44],[-71.4,-17.42],[-71.44,-17.37],[-71.53,-17.29],[-71.58,-17.28],[-71.61,-17.25],[-71.97,-17.07],[-71.97,-17.06],[-71.97,-17.06],[-72.15,-16.97],[-72.27,-16.88],[-72.36,-16.77],[-72.47,-16.71],[-72.79,-16.61],[-72.96,-16.52],[-73.26,-16.39],[-73.4,-16.3],[-73.54,-16.26],[-73.99,-16.03],[-74.15,-15.91],[-74.15,-15.91],[-75.97,-14.57],[-76.01,-14.5],[-76.14,-14.32],[-76.18,-14.23],[-76.24,-14.18],[-76.28,-13.81],[-76.26,-13.8],[-76.18,-13.52],[-76.22,-13.37],[-76.43,-13.11],[-76.5,-12.98],[-76.56,-12.82],[-76.64,-12.73],[-76.76,-12.53],[-76.83,-12.35],[-76.99,-12.22],[-77.04,-12.17],[-77.06,-12.11],[-77.08,-12.1],[-77.16,-11.96],[-77.16,-11.92],[-77.22,-11.66],[-77.31,-11.53],[-77.43,-11.44],[-77.7,-10.93],[-77.74,-10.84],[-77.8,-10.73],[-78.36,-9.63],[-78.45,-9.37],[-78.58,-9.16],[-78.66,-8.97],[-78.75,-8.74],[-78.76,-8.62],[-78.93,-8.4],[-79.01,-8.21],[-79.16,-8.05],[-79.17,-8.04],[-80.02,-5.87],[-80.23,-4.6],[-79.97,-3.4],[-80.06,-3.25],[-80.03,-3.23],[-79.96,-3.16],[-79.92,-3.09],[-79.82,-2.78],[-79.73,-2.58],[-79.75,-2.48],[-79.82,-2.36],[-79.84,-2.17],[-79.83,-2.11],[-79.84,-2.07],[-79.89,-2.15],[-79.88,-2.42],[-79.93,-2.55],[-79.99,-2.58],[-80.03,-2.56],[-80.01,-2.35],[-80.05,-2.39],[-80.13,-2.53],[-80.25,-2.63],[-80.26,-2.66],[-80.28,-2.71],[-80.38,-2.67],[-80.43,-2.64],[-80.57,-2.42],[-80.6,-1.85],[-80.3,-0.62],[-80.28,-0.62],[-80.3,-0.61],[-80.23,-0.32],[-78.33,1.38],[-77.69,2.86],[-77.67,2.88],[-77.67,2.91],[-77.6,3.06],[-77.56,3.08],[-77.52,3.16],[-77.47,3.23],[-77.42,3.34],[-77.36,3.35],[-77.32,3.47],[-77.24,3.59],[-77.08,3.91],[-77.13,3.91],[-77.17,3.86],[-77.21,3.87],[-77.25,3.89],[-77.11,4.22],[-76.69,5.56],[-76.69,5.57],[-76.74,6.62],[-76.77,7.95],[-76.74,8],[-76.77,8.31],[-76.79,8.36],[-76.79,8.56],[-76.36,8.71],[-76.3,8.73],[-75.95,8.13],[-75.94,8.12],[-75.66,7.64],[-75.52,7.68],[-75.25,7.76],[-74.39,8.73],[-73.62,9.26],[-73.9,9.9],[-73.95,10.26],[-74.09,11.25],[-74.1,11.3],[-74.1,11.33],[-74.06,11.34],[-74.01,11.33],[-73.87,11.27],[-73.77,11.22],[-72.66,11.29],[-72.45,11.31],[-72.21,11.17],[-72.05,11.07],[-71.7,10.86],[-71.69,10.84],[-71.6,10.73],[-71.59,10.66],[-71.66,10.44],[-71.79,10.32],[-71.88,10.17],[-71.96,10.11],[-72.11,9.82],[-71.99,9.64],[-71.98,9.55],[-71.87,9.43],[-71.81,9.39],[-71.76,9.34],[-71.78,9.25],[-71.74,9.13],[-71.69,9.07],[-71.62,9.05],[-71.54,9.05],[-71.3,9.13],[-71.24,9.16],[-71.21,9.22],[-71.09,9.35],[-71.08,9.51],[-71.05,9.71],[-71.08,9.83],[-71.21,10.01],[-71.26,10.14],[-71.39,10.26],[-71.46,10.47],[-71.49,10.53],[-71.52,10.62],[-71.54,10.77],[-71.5,10.74],[-70.55,11.17],[-69.93,11.35],[-69.74,11.41],[-69.27,11.39],[-68.93,11.38],[-68.91,11.38],[-68.47,11.21],[-68.4,11.16],[-68.35,11.08],[-68.34,10.74]]],[[[-70.06,-53.41],[-70.09,-53.42],[-70.21,-53.41],[-70.33,-53.38],[-70.42,-53.3],[-70.46,-53.21],[-70.46,-53.14],[-70.45,-53.1],[-70.06,-53.41]]],[[[-69.44,-53.92],[-66.63,-54.4],[-66.3,-54.51],[-66.24,-54.53],[-66.16,-54.55],[-66.06,-54.59],[-65.58,-54.75],[-65.35,-54.82],[-65.31,-54.84],[-65.35,-54.88],[-65.47,-54.91],[-65.6,-54.93],[-65.72,-54.93],[-65.84,-54.91],[-65.95,-54.92],[-66.06,-54.96],[-66.17,-54.98],[-66.29,-54.98],[-66.4,-55.01],[-66.51,-55.03],[-66.63,-55.01],[-66.93,-54.92],[-67.13,-54.9],[-67.79,-54.87],[-68.01,-54.85],[-68.22,-54.82],[-68.33,-54.82],[-68.49,-54.84],[-68.62,-54.83],[-68.65,-54.85],[-68.8,-54.85],[-68.84,-54.88],[-69.08,-54.91],[-69.49,-54.86],[-69.59,-54.81],[-69.72,-54.71],[-69.77,-54.74],[-69.9,-54.78],[-70.03,-54.82],[-70.26,-54.76],[-70.26,-54.76],[-70.28,-54.75],[-70.29,-54.75],[-70.74,-54.64],[-71.47,-54.43],[-71.39,-54.4],[-71.36,-54.4],[-71.16,-54.45],[-71.08,-54.44],[-70.97,-54.42],[-70.95,-54.4],[-70.93,-54.36],[-70.9,-54.34],[-70.8,-54.33],[-70.7,-54.35],[-70.69,-54.41],[-70.7,-54.49],[-70.57,-54.5],[-70.42,-54.5],[-70.31,-54.53],[-70.3,-54.49],[-70.47,-54.37],[-70.54,-54.3],[-70.64,-54.26],[-70.76,-54.24],[-70.86,-54.11],[-70.86,-54],[-70.87,-53.88],[-70.64,-53.82],[-70.7,-53.73],[-70.62,-53.66],[-70.53,-53.63],[-70.44,-53.89],[-70.38,-53.99],[-70.46,-54.01],[-70.63,-54.01],[-70.54,-54.14],[-70.38,-54.18],[-70.25,-54.28],[-70.24,-54.35],[-70.17,-54.38],[-69.99,-54.38],[-69.87,-54.37],[-69.81,-54.32],[-69.74,-54.31],[-69.62,-54.36],[-69.42,-54.41],[-69.36,-54.44],[-69.33,-54.49],[-69.32,-54.54],[-69.31,-54.57],[-69.25,-54.56],[-69.17,-54.48],[-69.13,-54.46],[-69.08,-54.45],[-69.05,-54.43],[-69.04,-54.41],[-69.2,-54.35],[-69.99,-54.11],[-70.09,-54.01],[-70.15,-53.89],[-70.15,-53.76],[-70.09,-53.72],[-69.95,-53.67],[-69.79,-53.63],[-69.44,-53.92]]],[[[-68.54,-55.18],[-68.38,-55.19],[-68.33,-55.22],[-68.3,-55.24],[-68.54,-55.18]]],[[[-69.51,-54.94],[-68.9,-55.02],[-68.65,-54.96],[-68.46,-54.96],[-68.4,-55.04],[-68.6,-55.13],[-68.61,-55.16],[-68.6,-55.17],[-69.51,-54.94]]],[[[-71.95,-54.29],[-71.97,-54.21],[-72.09,-54.12],[-72.21,-54.05],[-72.15,-53.94],[-72.07,-53.92],[-72,-53.88],[-71.71,-53.92],[-71.55,-53.96],[-71.39,-54.03],[-71.17,-54.11],[-71.02,-54.11],[-71.02,-54.16],[-71,-54.25],[-71.03,-54.28],[-71.08,-54.32],[-71.12,-54.37],[-71.14,-54.37],[-71.3,-54.31],[-71.47,-54.23],[-71.56,-54.25],[-71.67,-54.23],[-71.76,-54.23],[-71.82,-54.28],[-71.92,-54.3],[-71.95,-54.29]]],[[[-72.86,-54.02],[-72.78,-53.95],[-72.76,-53.86],[-72.87,-53.85],[-72.94,-53.86],[-72.98,-53.86],[-73.04,-53.83],[-73.07,-53.88],[-73.09,-53.92],[-73.08,-53.93],[-73.28,-53.76],[-73.31,-53.73],[-73.31,-53.73],[-73.32,-53.72],[-73.33,-53.72],[-73.59,-53.5],[-73.6,-53.42],[-73.45,-53.41],[-73.37,-53.47],[-73.1,-53.51],[-73.12,-53.45],[-73.11,-53.43],[-73.07,-53.4],[-73.05,-53.39],[-73.02,-53.41],[-72.97,-53.42],[-72.95,-53.44],[-72.92,-53.48],[-72.9,-53.56],[-72.88,-53.58],[-72.81,-53.57],[-72.69,-53.56],[-72.48,-53.59],[-72.46,-53.6],[-72.37,-53.69],[-72.31,-53.73],[-72.21,-53.81],[-72.31,-53.86],[-72.37,-53.94],[-72.37,-53.98],[-72.41,-54],[-72.47,-54.03],[-72.56,-54.07],[-72.67,-54.08],[-72.86,-54.02]]],[[[-73.64,-53.08],[-73.55,-53.13],[-73.5,-53.14],[-73.45,-53.14],[-73.31,-53.25],[-73.3,-53.26],[-73.14,-53.34],[-73.14,-53.35],[-73.23,-53.36],[-73.41,-53.32],[-73.5,-53.32],[-73.57,-53.31],[-73.58,-53.3],[-73.6,-53.25],[-73.62,-53.23],[-73.62,-53.23],[-73.64,-53.08]]],[[[-73.18,-44.34],[-73.03,-44.38],[-72.84,-44.46],[-72.78,-44.51],[-72.76,-44.55],[-72.85,-44.64],[-72.9,-44.71],[-72.99,-44.78],[-73.23,-44.86],[-73.32,-44.84],[-73.18,-44.34]]],[[[-80.26,-2.91],[-80.25,-2.81],[-80.22,-2.75],[-80.15,-2.7],[-80.08,-2.67],[-80,-2.67],[-79.91,-2.73],[-80.01,-2.82],[-80.07,-2.83],[-80.09,-2.85],[-80.13,-2.97],[-80.15,-3.01],[-80.2,-3.01],[-80.26,-2.91]]],[[[-67.87,-54.93],[-67.42,-54.97],[-67.25,-54.98],[-67.11,-55.06],[-67.09,-55.12],[-67.08,-55.15],[-67.11,-55.19],[-67.17,-55.24],[-67.26,-55.28],[-67.34,-55.29],[-67.4,-55.27],[-67.43,-55.24],[-67.44,-55.2],[-67.46,-55.18],[-67.49,-55.18],[-67.54,-55.18],[-67.59,-55.19],[-67.69,-55.24],[-67.74,-55.26],[-67.77,-55.26],[-68.07,-55.22],[-68.1,-55.21],[-68.14,-55.17],[-68.17,-55.07],[-68.3,-54.98],[-68.11,-54.93],[-67.87,-54.93]]]]}},{"type":"Feature","properties":{"name":"ROCKY MOUNTAINS"},"geometry":{"type":"Polygon","coordinates":[[[-124.57,59.71],[-123.33,59.09],[-122.61,58.49],[-121.75,57.87],[-121.54,56.62],[-120,55.41],[-119.23,54.69],[-118.02,53.86],[-116.93,53],[-115.92,52.72],[-115.16,52.16],[-115.05,51.34],[-113.7,49.8],[-112.23,47.51],[-111.22,47.45],[-110.1,47.12],[-109.62,46.12],[-107.77,45.77],[-106.66,44.77],[-106.11,43.84],[-105.1,42.71],[-104.89,41.59],[-104.47,40.59],[-104.47,39.5],[-104.36,38.39],[-104.36,38.39],[-104.12,37.36],[-104.12,36.43],[-104.6,35.77],[-105.15,35.43],[-106,35.27],[-106.59,35.3],[-106.68,35.4],[-107.01,35.8],[-107.02,36.23],[-107.02,36.26],[-107.05,37],[-107.38,37.03],[-107.41,37.03],[-108.15,37.11],[-108.44,37.4],[-108.42,37.47],[-108.3,37.92],[-107.59,38.37],[-107.57,38.46],[-107.51,38.92],[-108.24,38.88],[-108.96,39.27],[-110.3,39.02],[-110.98,38.38],[-111.8,37.73],[-112.77,37.36],[-113.19,37.58],[-113.27,37.62],[-113.28,37.63],[-112.91,37.94],[-112.52,38.52],[-112.43,38.66],[-111.84,39.27],[-111.69,39.42],[-111.64,40.54],[-111.82,40.84],[-111.82,40.84],[-112.02,41.16],[-112.15,41.48],[-112.51,41.92],[-112.52,41.94],[-112.58,41.97],[-113.25,42.39],[-113.59,42.52],[-113.68,42.55],[-115.25,43.15],[-115.73,43.56],[-116.27,43.82],[-116.34,44.43],[-116.35,44.45],[-116.32,44.61],[-116.21,45.14],[-116.23,45.22],[-116.26,45.44],[-116.29,45.68],[-116.64,46.2],[-117.04,46.75],[-117.22,47.52],[-117.14,47.59],[-116.91,47.79],[-116.67,48],[-116.52,48.29],[-116.51,48.31],[-116.28,48.74],[-117.06,49.77],[-117.88,50.31],[-117.97,50.88],[-118.76,51.82],[-120.83,52.92],[-121.41,53.71],[-122.6,55.06],[-122.76,55.24],[-123.18,55.47],[-123.67,55.75],[-123.89,55.87],[-124.8,56.7],[-125.65,57.42],[-125.87,57.62],[-126.47,58.25],[-126.89,58.69],[-127.19,59.21],[-126.89,59.43],[-126.57,59.58],[-126.53,59.6],[-125.36,59.35],[-125.03,59.28],[-124.74,59.55],[-124.57,59.71]]]}},{"type":"Feature","properties":{"name":"Transantarctic Mountains"},"geometry":{"type":"Polygon","coordinates":[[[180,-86.04],[180,-86.96],[177.49,-86.68],[171.68,-86.32],[171.51,-86.31],[160.23,-84.91],[155.58,-82.4],[155.82,-80.26],[157.79,-77.22],[157.88,-77.13],[160.29,-74.68],[162.55,-73.1],[164.32,-72.27],[166.93,-70.95],[167.94,-71.21],[169.95,-71.75],[170.33,-71.57],[170.44,-71.91],[170.44,-71.92],[170.42,-71.95],[170.41,-71.95],[170.22,-71.95],[170.03,-72.12],[169.95,-72.4],[170.09,-72.4],[169.98,-72.55],[169.9,-72.56],[169.77,-72.53],[169.44,-72.49],[169.07,-72.47],[168.72,-72.38],[168.58,-72.38],[168.43,-72.38],[168.62,-72.47],[168.82,-72.55],[169.27,-72.62],[169.43,-72.65],[167.08,-73.11],[166.88,-73.01],[166.45,-72.94],[166.47,-73],[166.75,-73.17],[166.54,-73.22],[166.54,-73.22],[165.94,-73.58],[165.86,-73.59],[165.9,-73.61],[165.5,-73.85],[165.35,-73.88],[165.25,-73.78],[165.24,-73.57],[165.13,-73.38],[165,-73.37],[164.81,-73.4],[164.75,-73.56],[164.89,-73.84],[164.98,-73.93],[164.91,-74],[164.78,-74.03],[164.95,-74.19],[164.8,-74.28],[163.64,-74.48],[163.56,-74.42],[163.4,-74.38],[163.27,-74.43],[163.19,-74.56],[162.83,-74.62],[162.81,-74.71],[162.75,-74.74],[162.6,-74.82],[162.53,-75.17],[162.41,-75.24],[162.23,-75.23],[162.09,-75.26],[161.91,-75.23],[161.68,-75.22],[160.91,-75.33],[161.03,-75.4],[161.23,-75.39],[161.9,-75.4],[162.19,-75.47],[162.24,-75.62],[162.35,-75.69],[162.56,-75.75],[162.53,-75.89],[162.58,-76.08],[162.44,-76.15],[162.5,-76.21],[162.62,-76.22],[162.71,-76.54],[162.67,-76.57],[162.75,-76.66],[162.76,-76.74],[162.76,-76.75],[162.61,-76.83],[162.49,-76.87],[162.45,-76.96],[162.68,-77.01],[162.73,-77.01],[162.67,-77.67],[162.56,-78.73],[162.38,-78.82],[161.97,-78.69],[161.76,-78.54],[161.67,-78.54],[161.51,-78.57],[161.5,-78.68],[161.81,-78.91],[161.95,-78.97],[161.95,-79.03],[161.93,-79.04],[161.86,-79.06],[161.74,-79.06],[161.55,-79.02],[161.19,-78.98],[160.87,-79.05],[160.48,-79.2],[160.57,-79.3],[160.67,-79.36],[160.65,-79.43],[160.21,-79.55],[160.07,-79.56],[159.98,-79.59],[160.08,-79.63],[160.32,-79.64],[160.35,-79.69],[160.26,-79.74],[159.87,-79.79],[159.9,-79.86],[160.11,-79.89],[160.39,-79.88],[160.56,-79.93],[160.56,-80.01],[160.38,-80.05],[160.18,-80.09],[158.77,-80.29],[158.56,-80.35],[158.57,-80.42],[159.07,-80.44],[160.54,-80.42],[160.64,-80.45],[160.6,-80.51],[160.52,-80.58],[160.6,-80.64],[160.82,-80.67],[160.83,-80.73],[160.72,-80.75],[160.5,-80.78],[160.26,-80.79],[160.28,-80.85],[160.61,-80.9],[160.72,-80.91],[160.73,-81.11],[160.72,-81.2],[160.54,-81.24],[160.48,-81.27],[160.47,-81.34],[160.91,-81.39],[161.58,-81.61],[161.73,-81.61],[162,-81.65],[162.43,-81.76],[162.58,-81.83],[162.82,-81.87],[162.85,-81.92],[163,-81.97],[163.6,-82.12],[163.68,-82.19],[162.43,-82.31],[161.17,-82.41],[161.28,-82.49],[162.64,-82.48],[163.01,-82.53],[163.17,-82.52],[163.27,-82.46],[164,-82.4],[164.48,-82.37],[165,-82.53],[166.62,-82.8],[167.26,-82.9],[167.23,-82.95],[167.3,-82.99],[167.4,-83],[167.6,-83.05],[167.83,-83.03],[167.93,-83.01],[168.53,-83.1],[168.48,-83.13],[168.41,-83.16],[168.32,-83.21],[168.24,-83.23],[167.97,-83.24],[167.83,-83.24],[167.67,-83.23],[167.66,-83.27],[167.84,-83.32],[168.11,-83.36],[169.84,-83.4],[170.33,-83.48],[170.66,-83.45],[171.28,-83.55],[171.29,-83.56],[171.38,-83.56],[171.62,-83.6],[171.74,-83.61],[171.92,-83.64],[172.3,-83.67],[173.81,-83.81],[173.82,-83.81],[173.86,-83.81],[180,-84.38],[180,-84.38],[180,-86.04]]]}},{"type":"Feature","properties":{"name":"Transantarctic Mountains"},"geometry":{"type":"Polygon","coordinates":[[[-57.24,-85.02],[-61.98,-85.19],[-64.26,-85.45],[-68.69,-85.88],[-73.29,-86.31],[-76.13,-86.27],[-80.69,-86.87],[-85.26,-86.53],[-88.53,-86.83],[-93.39,-86.36],[-96.53,-86.36],[-103.42,-86.61],[-109.1,-86.1],[-116.67,-86.83],[-118.81,-86.92],[-124.59,-87.17],[-130.4,-87.35],[-134.74,-87.22],[-141.63,-87.65],[-146.02,-87.35],[-146.02,-87.35],[-150.29,-87.04],[-155.25,-87.08],[-161.67,-86.62],[-166.12,-86.58],[-167.73,-86.43],[-171.19,-86.1],[-177.1,-85.47],[-180,-85.62],[-180,-84.35],[-178.39,-84.34],[-178.07,-84.35],[-177.73,-84.4],[-176.99,-84.4],[-176.29,-84.42],[-176.11,-84.48],[-175.87,-84.51],[-175.38,-84.48],[-174.99,-84.47],[-174.67,-84.46],[-171.12,-84.58],[-169.69,-84.64],[-169.33,-84.65],[-168.67,-84.68],[-168.05,-84.73],[-167.49,-84.83],[-166.91,-84.82],[-163.46,-84.9],[-162.93,-84.9],[-160.82,-84.99],[-159.81,-85.04],[-159.17,-85.08],[-154.93,-85.32],[-154.8,-85.32],[-150.29,-85.54],[-141.59,-85.58],[-135.91,-85.62],[-128.98,-85.32],[-124.33,-85.58],[-116.07,-84.85],[-115.24,-84.79],[-109.4,-84.38],[-103.12,-84.6],[-99.89,-84.72],[-93.69,-84.98],[-88.66,-84.68],[-76.56,-84.16],[-70.11,-84.25],[-66.15,-83.86],[-63.44,-83.77],[-59.82,-83.65],[-58.4,-83.3],[-55.95,-82.7],[-54.67,-82.41],[-53.09,-82.15],[-52.8,-82.15],[-52.41,-82.13],[-51.73,-82.06],[-51.21,-82.02],[-50.65,-81.98],[-50.03,-81.97],[-48.36,-81.89],[-47.89,-81.93],[-47.36,-82],[-47.02,-82],[-46.82,-81.99],[-46.76,-82.41],[-50.49,-83.8],[-54.1,-83.99],[-57.24,-85.02]]]}},{"type":"Feature","properties":{"name":"ETHIOPIAN HIGHLANDS"},"geometry":{"type":"Polygon","coordinates":[[[39.96,11.64],[40.1,11.35],[40.18,11.14],[40.27,10.7],[40.23,10.19],[40.12,9.9],[40.08,9.65],[40.01,9.37],[40.15,9.12],[40.47,9.2],[40.99,9.43],[41.32,9.54],[41.44,9.58],[41.68,9.66],[41.98,9.69],[42.37,9.72],[42.38,9.72],[42.47,9.74],[42.8,9.78],[42.83,9.75],[43.15,9.46],[43.18,9.43],[43.37,9.01],[43.38,8.98],[43.3,8.83],[43.24,8.72],[43.17,8.6],[43.17,8.6],[42.99,8.62],[42.87,8.64],[42.83,8.64],[42.32,8.85],[42.18,8.71],[41.87,8.8],[41.72,8.78],[41.35,8.75],[41.31,8.72],[40.91,8.47],[40.54,8.2],[40.58,7.95],[40.59,7.94],[40.59,7.91],[41,7.83],[41.01,7.83],[41.08,7.71],[41.24,7.44],[41.32,7.31],[41.33,7.29],[41.09,6.92],[41.08,6.91],[40.94,6.81],[40.88,6.09],[40.94,5.89],[40.96,5.8],[40.92,5.78],[40.58,5.65],[40.02,5.62],[39.77,5.23],[39.76,5.21],[39.72,5.21],[39.37,5.16],[39.1,5.05],[38.88,4.85],[38.85,4.82],[38.83,4.82],[38.5,4.76],[38.42,4.47],[38.38,4.24],[38.36,4.1],[38.29,4.1],[38.21,4.1],[38,4.41],[38.04,4.67],[37.92,4.95],[37.69,4.92],[37.26,4.86],[37.01,5.04],[36.77,5.29],[36.58,5.57],[36.49,5.7],[36.28,6.1],[35.74,5.99],[35.29,5.93],[35.14,6.15],[35.3,6.52],[35.01,6.66],[34.84,6.92],[35.09,7.29],[34.85,7.69],[34.86,8.19],[34.52,8.53],[34.2,8.98],[34.1,9.26],[33.95,9.75],[34.18,10.04],[34.12,10.33],[34.31,10.64],[34.56,11.09],[34.96,11.22],[35.17,11.56],[35.59,11.37],[35.91,11.75],[36,12.04],[36.01,12.34],[36.27,12.54],[36.56,12.65],[36.54,12.87],[36.21,13.07],[36.24,13.28],[36.6,13.36],[37.03,13.47],[37.05,13.93],[37.14,13.97],[37.17,13.98],[37.34,14.05],[37.69,14.26],[37.73,14.53],[37.8,15.28],[37.95,15.92],[37.56,16.35],[37.46,17.07],[37.67,17.82],[37.7,17.83],[37.72,17.84],[38.21,18.03],[38.59,17.44],[38.86,16.63],[38.96,16.07],[39.28,15.57],[39.43,15.31],[39.76,14.99],[39.85,14.89],[39.85,14.88],[40.15,14.54],[40.17,13.98],[40.13,13.75],[40.16,13.4],[40.18,13.11],[40.1,12.69],[39.9,12.53],[39.92,11.8],[39.96,11.64]]]}},{"type":"Feature","properties":{"name":"ZAGROS MOUNTAINS"},"geometry":{"type":"Polygon","coordinates":[[[54.91,26.79],[54.61,26.77],[54.32,26.8],[54.04,26.88],[53.34,27.15],[53.2,27.21],[52.98,27.33],[52.79,27.47],[52.26,27.94],[51.74,28.46],[51.56,28.62],[51.48,28.7],[51.41,28.79],[51.31,28.99],[51.25,29.08],[51.19,29.15],[50.62,29.73],[50.51,29.87],[50.48,29.93],[50.43,30.06],[50.4,30.12],[50.35,30.17],[50.23,30.29],[50.12,30.42],[50,30.54],[49.95,30.6],[49.87,30.72],[49.67,31.11],[49.56,31.29],[49.32,31.62],[49.17,31.89],[49.12,31.97],[49.06,32.04],[48.78,32.32],[48.67,32.41],[48.55,32.49],[48.43,32.55],[48.2,32.63],[47.92,32.79],[47.57,32.94],[46.88,33.35],[46.82,33.41],[46.75,33.5],[46.52,33.84],[46.46,33.96],[46.38,34.16],[46.25,34.8],[46.15,35.08],[46.12,35.22],[46.12,35.36],[46.14,35.48],[46.18,35.58],[46.22,35.67],[46.28,35.75],[46.47,35.88],[46.7,35.92],[46.95,35.87],[47.19,35.72],[47.85,35.1],[48.41,34.67],[48.71,34.41],[49.22,33.82],[50.13,33.06],[50.45,32.75],[50.76,32.42],[51.12,31.93],[52.94,29.93],[53.02,29.83],[53.06,29.76],[53.12,29.61],[53.16,29.55],[53.31,29.4],[53.5,29.3],[54.45,28.9],[54.64,28.84],[55.69,28.57],[55.92,28.49],[56.19,28.36],[56.42,28.2],[56.54,28.01],[56.47,27.67],[56.2,27.42],[55.4,26.94],[55.25,26.87],[55.08,26.82],[54.91,26.79]]]}},{"type":"Feature","properties":{"name":"ALTAY MOUNTAINS"},"geometry":{"type":"Polygon","coordinates":[[[100.57,44.1],[100.33,44.04],[98.77,43.98],[98.26,44.06],[98.04,44.1],[97.97,44.08],[97.9,44.05],[97.81,43.98],[97.77,43.95],[97.46,43.62],[97.38,43.53],[97.14,43.36],[97.01,43.3],[96.87,43.27],[96.73,43.25],[96.58,43.26],[96.42,43.29],[96.27,43.37],[95.38,44.09],[95.14,44.28],[95.01,44.34],[94.87,44.37],[92.86,44.41],[91.92,44.63],[91.12,44.68],[90.66,44.88],[90.07,45.42],[89.76,46],[89.62,46.4],[89.34,46.8],[88.92,47.22],[88.4,47.56],[86.63,48.1],[84.33,48.3],[84.23,48.44],[83.92,48.75],[83.39,49.78],[83.3,49.9],[83.18,50.01],[83,50.09],[82.25,50.42],[82.1,50.52],[82,50.64],[81.94,50.79],[81.93,50.95],[81.95,51.11],[82,51.27],[82.08,51.41],[82.59,52.06],[82.68,52.12],[82.89,52.22],[83.34,52.3],[84.13,52.24],[85.72,52.11],[86.7,52.03],[87.25,51.84],[87.75,51.56],[88.3,51.1],[88.46,50.87],[88.49,50.69],[88.52,50.53],[88.57,50.24],[88.72,50.16],[89.65,49.63],[89.73,49.45],[89.78,49.4],[89.9,49.32],[90.04,49.27],[90.82,49.14],[90.95,49.09],[92.05,48.1],[92.24,47.98],[92.45,47.89],[92.96,47.77],[94.91,46.91],[95.61,46.83],[97.04,46.18],[98.98,45.68],[99.89,45.09],[100.44,44.86],[100.54,44.79],[100.56,44.78],[100.67,44.68],[100.75,44.57],[100.75,44.55],[100.79,44.44],[100.79,44.33],[100.74,44.23],[100.67,44.16],[100.57,44.1]]]}},{"type":"Feature","properties":{"name":"GREATER KHINGAN RANGE"},"geometry":{"type":"Polygon","coordinates":[[[119.37,43.44],[119.34,43.3],[118,43.31],[117.65,43.23],[117.51,43.17],[117.45,43.16],[117.41,43.18],[117.39,43.22],[117.38,43.3],[117.92,46.28],[117.97,46.38],[118.21,46.67],[119.66,49.55],[119.68,49.6],[119.91,50.54],[120,50.73],[120.12,51.55],[120.17,51.63],[120.27,51.74],[120.37,51.81],[120.66,51.93],[120.73,51.97],[120.78,52.05],[120.82,52.16],[120.82,52.29],[120.8,52.4],[120.54,52.86],[120.53,52.93],[120.55,52.99],[120.62,53.05],[121.1,53.25],[122.19,53.51],[123.12,53.52],[124.03,53.39],[124.75,53.15],[124.93,53.03],[125.05,52.89],[125.12,52.72],[125.16,52.54],[125.16,52.35],[125.06,51.94],[124.61,51.19],[124.41,50.86],[124.25,50.59],[123.55,49.85],[123.52,49.76],[123.54,49.69],[123.55,49.63],[123.64,49.43],[123.9,49.11],[123.95,48.94],[123.87,48.79],[123.06,48.27],[122.91,48.1],[122.85,47.89],[122.87,47.78],[123.32,46.95],[123.33,46.84],[123.27,46.56],[123.15,46.34],[122.91,46.06],[122.78,45.91],[122.28,45.33],[121.92,44.93],[121.4,44.54],[121.15,44.35],[119.59,43.64],[119.46,43.56],[119.37,43.44]]]}},{"type":"Feature","properties":{"name":"STANOVOY RANGE"},"geometry":{"type":"Polygon","coordinates":[[[126.14,57.29],[126.19,57.28],[126.44,57.32],[127.2,57.24],[127.64,57.02],[127.85,56.97],[128.05,56.85],[128.41,56.74],[129.78,56.77],[130.02,56.78],[130.57,56.79],[131.6,57.08],[131.72,57.09],[134.56,56.85],[134.62,56.86],[134.75,56.9],[136.38,56.9],[136.38,56.9],[137.4,57.15],[137.55,57.16],[137.62,57.15],[137.7,57.11],[137.87,56.98],[138.02,56.82],[138.07,56.73],[138.1,56.69],[138.12,56.66],[138.13,56.57],[138.11,56.48],[138.05,56.42],[138.03,56.4],[134.99,54.84],[134.73,54.7],[134.17,54.51],[131.25,54.31],[131.09,54.34],[130.95,54.4],[130.55,54.68],[130.33,54.75],[128.76,54.88],[128.02,54.75],[127.87,54.75],[127.72,54.79],[127.37,54.69],[127.26,54.74],[126.15,54.9],[124.79,54.89],[124.59,54.96],[124.07,55.33],[123.54,55.87],[123.32,56.16],[123.17,56.45],[123.1,56.71],[123.13,56.81],[123.22,56.92],[123.51,57.13],[123.84,57.3],[124.09,57.38],[125.73,57.34],[125.8,57.36],[125.9,57.4],[125.95,57.39],[126.14,57.29]]]}},{"type":"Feature","properties":{"name":"CHAÎNE ANNAMITIQUE"},"geometry":{"type":"Polygon","coordinates":[[[105.8,18.4],[106.41,17.75],[106.36,17.77],[106.37,17.75],[106.44,17.7],[106.65,17.48],[106.74,17.37],[106.81,17.31],[106.83,17.29],[106.83,17.29],[107.17,16.92],[107.18,16.9],[107.21,16.88],[108.58,15.4],[108.8,15.03],[109.01,14.24],[109.25,13.7],[109.25,13.59],[109.29,13.45],[109.27,13.28],[109.31,13.22],[109.33,13.17],[109.1,12.58],[109.08,12.46],[109.11,11.76],[109.09,11.65],[109.06,11.59],[109.04,11.59],[109.03,11.54],[108.96,11.46],[108.92,11.43],[108.87,11.41],[108.65,11.39],[108.61,11.37],[108.51,11.32],[108.45,11.26],[108.21,10.96],[108.15,10.91],[108.09,10.9],[108.07,10.85],[108.07,10.84],[107.9,10.77],[107.7,10.74],[107.57,10.75],[107.4,10.77],[107.25,10.85],[107.13,10.98],[107.04,11.14],[106.98,11.33],[106.95,11.54],[106.95,11.74],[107.01,12.09],[106.99,12.24],[106.71,12.92],[106.67,13.45],[106.51,14.09],[106.49,14.13],[106.46,14.17],[106.19,14.37],[105.84,14.87],[105.78,15.02],[105.38,16.84],[103.94,18.5],[103.9,18.54],[103.85,18.55],[103.78,18.55],[103.2,18.34],[103.08,18.33],[102.98,18.37],[102.88,18.43],[102.79,18.52],[102.64,18.75],[102.53,19],[102.48,19.19],[102.49,19.36],[102.53,19.53],[102.85,20.14],[102.97,20.71],[103.28,21.25],[103.43,21.41],[103.66,21.58],[103.94,21.69],[104.08,21.71],[104.22,21.72],[105.5,21.29],[105.88,21.1],[106.02,21],[106.08,20.93],[106.13,20.87],[106.16,20.79],[106.19,20.7],[106.19,20.63],[106.17,20.58],[106.14,20.54],[105.79,20.34],[105.6,20.13],[105.47,19.89],[105.39,19.61],[105.38,19.34],[105.43,19.09],[105.8,18.4]]]}},{"type":"Feature","properties":{"name":"Siwalik Hills"},"geometry":{"type":"Polygon","coordinates":[[[80.41,29.49],[87.02,27.03],[87.02,27.03],[87.51,26.84],[87.53,26.83],[87.62,26.78],[87.7,26.7],[87.71,26.59],[87.63,26.47],[87.55,26.4],[87.45,26.37],[87.34,26.37],[86.2,26.72],[84.45,27.26],[84.03,27.39],[83.81,27.46],[83.58,27.49],[83.12,27.55],[82.1,27.86],[81.98,27.94],[81.62,28.29],[81.58,28.33],[81.41,28.41],[80.78,28.69],[79.77,29.14],[79.62,29.21],[79.56,29.2],[79.41,29.27],[79.39,29.29],[79.25,29.4],[79.12,29.55],[79.08,29.63],[79.07,29.66],[79.07,29.67],[79.06,29.71],[79.06,29.78],[79.08,29.84],[79.11,29.88],[79.16,29.92],[79.21,29.94],[79.31,29.96],[79.33,29.96],[79.64,29.96],[79.79,29.93],[79.93,29.87],[80.41,29.49]]]}},{"type":"Feature","properties":{"name":"PAMIRS"},"geometry":{"type":"Polygon","coordinates":[[[74.9,39.47],[75.67,39.2],[75.9,39.03],[76.12,38.81],[76.87,38.35],[76.99,38.24],[77.03,38.14],[76.97,38.05],[76.91,38.02],[76.86,38],[76.45,37.9],[75.99,37.79],[75.67,37.71],[75.5,37.6],[75.11,37.57],[74.36,37.52],[73.1,37.42],[72.92,37.41],[72.79,37.36],[72.49,37.25],[72.11,37.1],[72.09,37.1],[71.93,37.08],[71.79,37.11],[71.66,37.17],[71.65,37.17],[71.53,37.25],[71.45,37.28],[71.42,37.3],[71.32,37.45],[71.26,37.51],[71.23,37.54],[71.22,37.58],[71.2,37.65],[71.23,39.07],[71.25,39.17],[71.29,39.23],[71.33,39.26],[71.37,39.27],[71.58,39.26],[71.9,39.37],[71.92,39.38],[72.24,39.51],[74.24,39.56],[74.9,39.47]]]}},{"type":"Feature","properties":{"name":"HINDU KUSH"},"geometry":{"type":"Polygon","coordinates":[[[74.75,37.46],[75.17,37],[75.44,36.71],[75.48,36.63],[75.64,36.37],[75.69,36.23],[75.72,35.74],[75.64,35.27],[75.61,35.18],[75.56,35.1],[75.49,35.05],[75.13,34.58],[74.46,34.12],[74.41,34.1],[74.37,34.09],[74.3,34.08],[74.23,34.09],[73.97,34.15],[73.94,34.16],[73.91,34.15],[73.81,34.15],[73.75,34.15],[73.74,34.15],[73.71,34.14],[73.7,34.12],[73.71,34.11],[73.72,34.1],[73.71,34.1],[73.56,34.13],[73.49,34.15],[73.47,34.15],[72.82,34.42],[72.68,34.43],[72.33,34.46],[72.02,34.6],[71.95,34.61],[71.87,34.6],[71.79,34.58],[71.77,34.56],[71.48,34.35],[71.46,34.34],[71.42,34.32],[71.27,34.28],[69.68,34.31],[67.02,34.65],[66.95,34.69],[66.88,34.79],[66.75,35.1],[66.67,35.47],[66.67,35.8],[66.71,35.88],[67.32,36.55],[67.37,36.59],[71.07,37.41],[71.2,37.42],[71.33,37.38],[71.49,37.25],[71.56,37.2],[71.66,37.17],[71.75,37.14],[71.95,37.11],[72.11,37.1],[72.12,37.1],[72.21,37.12],[72.49,37.25],[72.7,37.35],[72.79,37.36],[73.1,37.42],[73.6,37.52],[74.36,37.52],[74.62,37.52],[74.68,37.5],[74.73,37.48],[74.75,37.46]]]}},{"type":"Feature","properties":{"name":"KARAKORAM RA."},"geometry":{"type":"Polygon","coordinates":[[[79.02,33.35],[78.9,33.34],[78.37,33.35],[78.24,33.39],[78.22,33.4],[78.11,33.46],[78.03,33.52],[77.08,34.31],[76.39,34.7],[76.27,34.82],[76.11,35.06],[75.75,35.81],[75.71,35.94],[75.69,36.3],[75.66,36.41],[75.61,36.49],[75.48,36.63],[75.25,36.89],[75.2,36.95],[75.17,36.99],[75.17,37],[75.16,37.02],[75.16,37.06],[75.15,37.09],[74.93,37.28],[74.92,37.31],[74.93,37.33],[74.96,37.36],[75.99,37.79],[76.25,37.9],[76.36,37.91],[76.44,37.91],[76.45,37.9],[76.5,37.87],[76.61,37.74],[76.97,37.48],[77.81,36.48],[77.86,36.45],[78,36.39],[78.26,36.19],[78.35,36.12],[78.48,36.07],[78.81,36],[78.97,35.92],[79.01,35.9],[79.27,35.67],[79.48,35.38],[79.62,35.06],[79.7,34.6],[79.84,34.36],[79.86,34.31],[79.86,34.27],[79.84,34.21],[79.82,34.18],[79.5,33.83],[79.25,33.65],[79.23,33.63],[79.2,33.58],[79.15,33.45],[79.13,33.43],[79.11,33.41],[79.07,33.37],[79.02,33.35]]]}},{"type":"Feature","properties":{"name":"KUNLUN MOUNTAINS"},"geometry":{"type":"Polygon","coordinates":[[[86.8,37.63],[87.59,37.5],[89.22,37.53],[89.51,37.53],[91.2,37.55],[91.53,37.46],[92.67,36.76],[92.71,36.75],[92.86,36.68],[93.01,36.62],[94.19,36.44],[94.66,36.37],[94.99,36.32],[95.15,36.3],[95.16,36.3],[95.43,36.37],[95.66,36.43],[95.76,36.44],[95.93,36.4],[97.58,35.97],[97.79,35.99],[97.98,36.01],[97.99,36.01],[98.02,36.02],[98.14,36.06],[98.15,36.06],[98.5,36.25],[98.59,36.27],[98.8,36.27],[99.01,36.21],[99.19,36.13],[99.26,36.07],[99.32,36],[99.4,35.83],[99.46,35.63],[99.48,35.45],[99.47,35.36],[99.45,35.29],[99.42,35.22],[99.37,35.17],[99.31,35.13],[99.24,35.1],[99.16,35.09],[98.91,35.1],[97.59,35.36],[87.34,35.69],[86.74,35.49],[82.29,35.35],[81.85,35.23],[81.39,35.17],[80.83,35.18],[80.55,35.23],[79.29,35.83],[79.09,35.9],[78.97,35.92],[78.67,35.97],[78.47,36.04],[78.28,36.17],[78.26,36.19],[78.1,36.37],[78.03,36.48],[77.98,36.6],[77.96,36.72],[77.97,36.83],[78.04,36.95],[78.14,37.05],[78.27,37.11],[78.57,37.16],[79.16,37.13],[79.74,36.99],[80.52,36.63],[80.67,36.56],[80.72,36.54],[80.84,36.51],[81.16,36.41],[81.21,36.4],[81.34,36.41],[82.14,36.68],[83.4,36.82],[83.49,36.83],[83.67,36.89],[85.71,37.6],[86.04,37.71],[86.8,37.63]]]}},{"type":"Feature","properties":{"name":"ATLAS MOUNTAINS"},"geometry":{"type":"Polygon","coordinates":[[[10.44,36.69],[10.47,36.33],[9.97,35.88],[9.94,35.4],[9.95,34.71],[9.99,34.16],[9.6,34.12],[9.29,34.07],[8.83,34.11],[8.66,34.13],[8.17,34.26],[8.11,34.29],[7.73,34.45],[7.04,34.85],[6.53,34.93],[5.64,34.82],[5.26,34.79],[4.69,34.65],[3.91,34.32],[3.72,34.26],[3.17,34.11],[2.76,33.85],[2.75,33.85],[2.05,33.66],[1.13,33.14],[0.69,33],[0.4,32.9],[-0.39,32.49],[-0.49,32.4],[-0.91,32],[-1.72,31.66],[-2.26,31.45],[-2.93,31.29],[-3.52,31.21],[-3.8,31.17],[-4.03,31.14],[-4.54,30.83],[-4.61,30.79],[-4.82,30.66],[-5.17,30.43],[-5.32,30.24],[-5.4,30.15],[-5.41,30.14],[-5.43,30.13],[-5.72,30.08],[-6.46,29.95],[-7.23,29.53],[-7.63,29.13],[-8.5,28.79],[-9.27,28.6],[-10.06,28.34],[-10.54,28.31],[-10.99,28.55],[-10.89,28.81],[-10.89,28.82],[-10.67,28.94],[-10.49,29.06],[-10.27,29.3],[-10.18,29.37],[-9.73,29.75],[-9.28,30.12],[-8.82,30.48],[-8.57,30.69],[-8.79,30.76],[-9.34,30.57],[-9.63,30.53],[-9.86,30.74],[-9.86,30.75],[-9.86,30.75],[-9.83,30.85],[-9.83,31.07],[-9.81,31.36],[-9.47,31.94],[-9.22,32.16],[-8.91,32.35],[-8.17,32.7],[-7.79,32.9],[-7.27,33.1],[-7.25,33.38],[-7.18,33.6],[-7.01,33.76],[-6.81,34.04],[-6.62,34.11],[-6.28,34.09],[-6.02,34.21],[-5.75,34.34],[-5.6,34.41],[-5.64,34.46],[-5.95,34.94],[-5.87,35.34],[-5.88,35.77],[-5.88,35.77],[-5.88,35.79],[-5.88,35.79],[-5.75,35.82],[-5.62,35.83],[-5.52,35.86],[-5.47,35.89],[-5.39,35.91],[-5.34,35.81],[-5.34,35.75],[-5.25,35.61],[-5.19,35.55],[-5.14,35.47],[-5.13,35.46],[-5.06,35.44],[-4.84,35.28],[-4.63,35.21],[-4.33,35.16],[-3.98,35.24],[-3.79,35.24],[-3.74,35.26],[-3.7,35.26],[-3.66,35.26],[-3.59,35.23],[-3.39,35.21],[-3.21,35.24],[-3.06,35.32],[-3,35.38],[-2.97,35.33],[-2.94,35.29],[-2.91,35.26],[-2.87,35.17],[-2.84,35.13],[-2.73,35.14],[-2.64,35.11],[-2.42,35.12],[-2.22,35.1],[-2.02,35.09],[-1.91,35.09],[-1.67,35.18],[-1.48,35.3],[-1.34,35.36],[-1.3,35.4],[-1.27,35.42],[-1.17,35.52],[-1.09,35.58],[-0.92,35.67],[-0.43,35.86],[-0.35,35.86],[-0.19,35.82],[-0.05,35.83],[0.05,35.9],[0.15,36.06],[0.31,36.16],[0.61,36.29],[0.68,36.32],[0.79,36.36],[0.97,36.44],[1.26,36.52],[1.97,36.57],[2.34,36.61],[2.59,36.6],[2.75,36.68],[2.76,36.69],[3.15,36.77],[3.19,36.78],[3.24,36.79],[3.52,36.8],[3.78,36.9],[4.76,36.9],[4.86,36.87],[4.87,36.86],[4.88,36.86],[5.01,36.8],[5.2,36.68],[5.3,36.65],[5.42,36.68],[5.69,36.78],[5.94,36.83],[5.97,36.85],[6.06,36.86],[6.25,36.94],[6.33,37.05],[6.34,37.05],[6.43,37.03],[6.56,37.01],[6.58,37],[6.93,36.92],[7.14,36.94],[7.24,36.97],[7.22,37.04],[7.24,37.04],[7.25,37.04],[7.53,37.02],[7.55,37.02],[7.61,37],[7.79,36.88],[7.91,36.86],[8,36.88],[8.01,36.88],[8.02,36.87],[8.17,36.91],[8.58,36.94],[8.82,37],[8.96,37.09],[8.98,37.09],[9,37.1],[9.13,37.14],[9.67,37.31],[9.73,37.3],[9.83,37.28],[9.82,37.25],[9.78,37.21],[9.83,37.14],[9.9,37.18],[9.88,37.21],[9.88,37.25],[9.98,37.26],[10.02,37.25],[10.08,37.24],[10.1,37.22],[10.18,37.12],[10.19,37.11],[10.19,37.03],[10.33,36.87],[10.29,36.78],[10.41,36.73],[10.42,36.74],[10.44,36.69]]]}},{"type":"Feature","properties":{"name":"APPALACHIAN MTS."},"geometry":{"type":"Polygon","coordinates":[[[-65.16,48.06],[-65.31,48.02],[-65.32,48.02],[-65.36,48.01],[-65.48,48.03],[-65.75,48.11],[-65.93,48.19],[-66.01,48.15],[-66.06,48.11],[-66.13,48.11],[-66.25,48.12],[-66.32,48.1],[-66.45,48.12],[-66.7,48.02],[-66.63,48.01],[-66.43,48.07],[-66.36,48.06],[-66.21,47.99],[-66.08,47.96],[-66.07,47.96],[-65.82,47.9],[-65.76,47.86],[-65.65,47.63],[-65.97,47.1],[-66.37,46.73],[-66.82,46.36],[-67.52,46.14],[-67.95,46.04],[-68.64,45.96],[-69.28,45.32],[-69.45,44.94],[-69.96,44.45],[-70.4,43.91],[-70.76,43.58],[-71.16,43.18],[-71.42,42.72],[-71.61,42.2],[-72.5,41.63],[-73.11,41.36],[-73.86,41.09],[-73.87,41.08],[-73.88,41.17],[-73.93,41.22],[-73.97,41.25],[-73.92,41.14],[-73.91,41.05],[-74.29,40.76],[-75.04,40.47],[-75.33,40.2],[-76.19,40.08],[-76.76,39.7],[-77.32,39.23],[-77.89,38.48],[-78.57,37.68],[-79.24,36.94],[-80.33,35.98],[-82.64,34.6],[-83.89,33.88],[-84.9,33.51],[-85.89,33],[-86.56,32.91],[-86.56,32.95],[-86.56,32.95],[-86.75,32.78],[-86.88,32.65],[-87.3,32.62],[-87.71,32.62],[-87.92,32.64],[-88.02,32.61],[-88.17,32.87],[-88.19,33.03],[-88.3,33.25],[-88.43,33.43],[-88.48,33.71],[-88.54,33.97],[-88.41,34.11],[-88.42,34.3],[-88.36,34.47],[-88.27,34.67],[-88.24,35.05],[-88.26,35.26],[-88.1,35.42],[-88.02,35.61],[-87.99,35.78],[-88,36.07],[-87.99,36.3],[-88.06,36.49],[-88.1,36.7],[-88.24,36.95],[-88.52,37.06],[-88.49,37.13],[-88.45,37.2],[-88.51,37.34],[-88.38,37.42],[-88.14,37.47],[-88.16,37.62],[-88.13,37.7],[-87.95,37.79],[-87.78,37.88],[-87.63,37.83],[-87.55,37.91],[-87.45,37.94],[-87.26,37.88],[-87.09,37.81],[-87.02,37.92],[-86.82,38],[-86.71,37.9],[-86.6,37.91],[-86.52,38.02],[-86.4,38.11],[-86.34,38.16],[-86.26,38.06],[-86.22,38.04],[-86.04,37.97],[-85.92,38.04],[-85.89,38.2],[-85.76,38.27],[-85.63,38.39],[-85.59,38.46],[-85.43,38.54],[-85.45,38.71],[-85.32,38.74],[-85.19,38.69],[-85.03,38.76],[-84.82,38.83],[-84.83,38.96],[-84.84,39.09],[-84.67,39.1],[-84.36,39.05],[-84.23,38.89],[-84.08,38.78],[-83.86,38.76],[-83.65,38.64],[-83.49,38.7],[-83.35,38.64],[-83.15,38.62],[-83.03,38.72],[-82.9,38.75],[-82.83,38.58],[-82.69,38.54],[-82.57,38.4],[-82.42,38.43],[-82.3,38.52],[-82.22,38.59],[-82.16,38.83],[-82.01,39.02],[-81.9,38.94],[-81.85,38.91],[-81.81,39.08],[-81.66,39.28],[-81.54,39.35],[-81.42,39.41],[-81.25,39.39],[-81.13,39.45],[-80.88,39.62],[-80.83,39.82],[-80.76,39.97],[-80.69,40.16],[-80.6,40.32],[-80.65,40.62],[-80.45,40.64],[-80.29,40.7],[-80.2,40.55],[-80.08,40.5],[-79.98,40.46],[-79.81,40.55],[-79.69,40.67],[-79.53,40.79],[-79.5,40.92],[-79.59,40.98],[-79.68,41.15],[-79.8,41.26],[-79.82,41.33],[-79.77,41.41],[-79.96,41.61],[-80.11,41.81],[-80.14,41.99],[-80.15,42.14],[-80.19,42.35],[-80.09,42.4],[-79.77,42.52],[-79.47,42.64],[-79.09,42.78],[-78.92,42.9],[-79.02,43.02],[-79.08,43.09],[-79.07,43.28],[-79.18,43.47],[-78.66,43.64],[-76.81,43.63],[-76.52,43.48],[-76.35,43.26],[-76.3,43.23],[-76.19,43.24],[-76.11,43.25],[-75.73,43.22],[-75.44,43.24],[-75.29,43.14],[-75,43.04],[-74.85,43.06],[-74.65,42.99],[-74.61,42.93],[-74.51,42.92],[-74.37,42.96],[-74.23,42.97],[-74.14,42.93],[-74.03,42.88],[-73.89,42.84],[-73.71,42.8],[-73.67,42.93],[-73.58,43.09],[-73.53,43.27],[-73.43,43.41],[-73.4,43.57],[-73.42,43.64],[-73.35,43.78],[-73.39,43.86],[-73.43,44.04],[-73.37,44.2],[-73.29,44.4],[-73.33,44.52],[-73.37,44.57],[-73.34,44.74],[-73.3,44.88],[-73.33,45.08],[-73.46,45.12],[-73.61,45.14],[-73.61,45.14],[-73.26,45.3],[-73.25,45.31],[-73.11,45.52],[-72.46,45.66],[-72.11,45.94],[-71.61,46.27],[-71.09,46.54],[-70.78,46.83],[-70.54,47.01],[-70.49,47.05],[-70.39,47.12],[-70.22,47.29],[-70.07,47.38],[-70.03,47.45],[-69.94,47.53],[-69.8,47.62],[-69.62,47.79],[-69.31,48.04],[-69.31,48.05],[-69.15,48.16],[-68.83,48.36],[-68.82,48.37],[-68.75,48.38],[-68.55,48.46],[-68.48,48.51],[-68.38,48.55],[-67.93,48.72],[-67.37,48.9],[-67.12,48.96],[-66.77,49.07],[-66.53,49.13],[-66.46,49.15],[-66.32,49.18],[-66.12,49.22],[-65.88,49.23],[-65.84,49.23],[-65.83,49.23],[-65.35,49.25],[-65.24,49.24],[-64.84,49.19],[-64.64,49.13],[-64.56,49.1],[-64.51,49.07],[-64.34,48.96],[-64.22,48.88],[-64.22,48.87],[-64.21,48.81],[-64.37,48.84],[-64.51,48.84],[-64.41,48.8],[-64.25,48.69],[-64.25,48.55],[-64.35,48.42],[-64.63,48.36],[-64.64,48.36],[-64.66,48.35],[-64.96,48.18],[-64.98,48.17],[-65.16,48.06]]]}},{"type":"Feature","properties":{"name":"BROOKS RANGE"},"geometry":{"type":"MultiPolygon","coordinates":[[[[-146.66,67.19],[-146.75,67.18],[-147.33,67.13],[-147.88,67.18],[-148.7,67.28],[-149.29,67.26],[-149.87,67.21],[-150.42,67.15],[-151.08,67.07],[-151.56,67.13],[-152.04,67.02],[-152.41,66.94],[-152.86,66.86],[-153.49,66.94],[-154.51,66.96],[-154.95,66.84],[-155.34,66.78],[-156.26,66.86],[-157.07,66.91],[-157.55,66.98],[-157.95,67.06],[-158.61,67.2],[-158.94,67.17],[-159.99,67.02],[-160.63,66.93],[-161.23,66.89],[-161.75,66.81],[-161.86,66.73],[-161.88,66.8],[-161.73,66.92],[-161.62,66.98],[-161.72,67.02],[-161.97,67.05],[-162.39,67.02],[-162.41,67.06],[-162.41,67.1],[-162.58,67.02],[-162.76,67.04],[-163,67.03],[-163.53,67.1],[-163.72,67.2],[-163.8,67.27],[-163.94,67.48],[-164.13,67.61],[-165.39,68.05],[-165.96,68.16],[-166.24,68.28],[-166.41,68.31],[-166.57,68.32],[-166.79,68.36],[-166.64,68.41],[-166.55,68.42],[-166.65,68.37],[-166.57,68.36],[-166.45,68.39],[-166.38,68.43],[-166.28,68.57],[-166.18,68.8],[-166.21,68.89],[-165.51,68.87],[-165.04,68.88],[-164.89,68.9],[-164.3,68.94],[-164.15,68.96],[-163.87,69.04],[-163.54,69.17],[-163.25,69.35],[-163.21,69.39],[-163.19,69.38],[-163.16,69.39],[-163.13,69.45],[-163.09,69.61],[-162.95,69.76],[-162.35,70.09],[-162.07,70.23],[-161.98,70.29],[-161.88,70.33],[-161.81,70.29],[-161.78,70.28],[-161.76,70.26],[-161.82,70.25],[-161.91,70.21],[-162.04,70.18],[-162.07,70.16],[-162,70.17],[-161.77,70.2],[-161.64,70.23],[-161,70.3],[-160.65,70.42],[-160.63,70.45],[-160.12,70.59],[-160.05,70.59],[-159.96,70.57],[-160.11,70.47],[-160.01,70.45],[-160.1,70.33],[-159.91,70.33],[-159.87,70.28],[-159.86,70.32],[-159.86,70.39],[-159.84,70.45],[-159.81,70.5],[-159.68,70.48],[-159.39,70.52],[-159.75,70.53],[-159.96,70.63],[-160.08,70.63],[-159.68,70.79],[-159.31,70.88],[-159.23,70.88],[-159.19,70.86],[-159.18,70.83],[-159.26,70.81],[-159.34,70.78],[-159.3,70.75],[-159.25,70.75],[-159.08,70.77],[-159,70.8],[-158.62,70.8],[-158.51,70.82],[-158.48,70.84],[-158,70.85],[-157.91,70.86],[-157.61,70.94],[-157.32,71.04],[-157.2,71.09],[-156.97,71.23],[-156.78,71.32],[-156.47,71.41],[-156.4,71.4],[-156.5,71.38],[-156.57,71.34],[-156.47,71.29],[-155.81,71.19],[-155.65,71.18],[-155.58,71.12],[-155.63,71.06],[-155.8,71],[-156.15,70.93],[-156.04,70.9],[-155.97,70.84],[-155.87,70.83],[-155.71,70.86],[-155.58,70.89],[-155.31,71.01],[-155.23,71.08],[-155.17,71.1],[-154.94,71.08],[-154.82,71.05],[-154.67,70.99],[-154.73,70.93],[-154.79,70.89],[-154.6,70.85],[-154.39,70.84],[-154.2,70.8],[-153.92,70.88],[-153.7,70.89],[-153.5,70.89],[-153.23,70.93],[-152.78,70.88],[-152.67,70.89],[-152.49,70.88],[-152.3,70.85],[-152.23,70.81],[-152.44,70.73],[-152.47,70.65],[-152.4,70.62],[-152.27,70.61],[-152.25,70.57],[-152.17,70.56],[-151.77,70.56],[-151.8,70.54],[-151.82,70.51],[-151.94,70.45],[-151.22,70.42],[-151.13,70.45],[-150.98,70.46],[-150.66,70.51],[-150.54,70.49],[-150.4,70.44],[-150.27,70.43],[-150.15,70.44],[-149.87,70.51],[-149.54,70.51],[-149.41,70.49],[-149.27,70.5],[-148.84,70.43],[-148.69,70.42],[-148.48,70.32],[-148.37,70.31],[-148.25,70.36],[-148.14,70.36],[-148.04,70.32],[-147.87,70.3],[-147.79,70.24],[-147.71,70.22],[-147.06,70.17],[-146.74,70.19],[-146.28,70.19],[-146.06,70.16],[-145.82,70.16],[-145.44,70.05],[-145.24,70.03],[-145.2,70.01],[-144.62,69.98],[-144.42,70.04],[-144.06,70.05],[-143.75,70.1],[-143.57,70.1],[-143.36,70.09],[-143.28,70.1],[-143.22,70.12],[-142.71,70.03],[-142.42,69.94],[-142.3,69.87],[-141.7,69.77],[-141.53,69.71],[-141.41,69.65],[-141.34,69.65],[-141.29,69.66],[-141.08,69.66],[-141,69.65],[-140.86,69.64],[-140.41,69.6],[-139.98,69.62],[-139.18,69.52],[-138.69,69.32],[-138.29,69.22],[-138.13,69.15],[-137.87,69.09],[-137.26,68.96],[-137.24,68.96],[-137.7,68.55],[-138.02,68.4],[-138.52,68.29],[-138.94,68.24],[-139.39,68.21],[-140.34,68.21],[-141,68.06],[-141,68.06],[-141.91,68],[-142.38,67.87],[-142.99,67.66],[-143.7,67.63],[-144.29,67.63],[-145.34,67.44],[-145.58,67.4],[-146.66,67.19]]],[[[-162.06,66.61],[-162.19,66.69],[-162.32,66.73],[-162.47,66.74],[-162.54,66.81],[-162.61,66.89],[-162.48,66.93],[-162.36,66.95],[-162.25,66.92],[-162.13,66.8],[-162.02,66.78],[-162.05,66.67],[-162.01,66.64],[-162.06,66.61]]],[[[-139.14,69.65],[-139.07,69.65],[-138.93,69.62],[-138.88,69.59],[-139.04,69.58],[-139.13,69.54],[-139.26,69.58],[-139.29,69.6],[-139.14,69.65]]]]}},{"type":"Feature","properties":{"name":"COAST MOUNTAINS"},"geometry":{"type":"MultiPolygon","coordinates":[[[[-134,59.61],[-133.84,59.64],[-133.6,59.43],[-133.31,59.08],[-132.87,58.82],[-132.14,58.42],[-131.8,58.16],[-131.08,57.76],[-130.63,57.52],[-130.29,57.18],[-129.71,56.65],[-129.52,56.41],[-129.21,55.8],[-128.81,55.72],[-128.57,55.72],[-128.15,55.59],[-127.8,55.4],[-127.7,54.98],[-127.56,54.69],[-127.41,54.21],[-127.14,53.61],[-126.72,53.16],[-126.24,52.79],[-126.23,52.78],[-125.77,52.44],[-125.42,52.18],[-124.84,51.75],[-124.31,51.53],[-124.28,51.52],[-123.62,51.41],[-123.46,51.38],[-123.25,51.26],[-123,51.13],[-122.62,50.99],[-122.27,50.91],[-121.94,50.71],[-121.74,50.51],[-121.59,50.24],[-121.56,50.11],[-121.39,49.85],[-121.41,49.59],[-121.44,49.47],[-121.66,49.31],[-121.84,49.21],[-122.06,49.18],[-122.4,49.15],[-122.76,49.22],[-123.08,49.13],[-123.08,49.13],[-123.08,49.13],[-123.14,49.28],[-123.07,49.29],[-122.95,49.29],[-122.91,49.32],[-122.88,49.4],[-122.96,49.33],[-123.02,49.32],[-123.17,49.35],[-123.24,49.5],[-123.22,49.59],[-123.19,49.64],[-123.18,49.67],[-123.19,49.68],[-123.32,49.58],[-123.34,49.55],[-123.33,49.53],[-123.54,49.53],[-123.71,49.61],[-123.61,49.66],[-123.58,49.68],[-123.71,49.66],[-123.76,49.66],[-123.82,49.69],[-123.87,49.74],[-123.9,49.8],[-123.9,49.98],[-123.88,50.02],[-123.82,50.04],[-123.78,50.09],[-123.79,50.11],[-123.83,50.14],[-123.88,50.17],[-123.93,50.19],[-123.95,50.18],[-123.86,50.1],[-123.87,50.07],[-123.96,49.99],[-123.97,49.97],[-123.97,49.89],[-123.98,49.88],[-124.06,49.85],[-124.11,49.82],[-124.39,49.99],[-124.84,50.22],[-124.93,50.29],[-124.93,50.3],[-124.99,50.36],[-125.04,50.36],[-125.04,50.37],[-125.06,50.42],[-124.94,50.54],[-124.86,50.64],[-124.85,50.67],[-124.86,50.72],[-124.88,50.83],[-124.86,50.87],[-124.93,50.81],[-124.95,50.76],[-124.93,50.72],[-124.94,50.67],[-124.99,50.59],[-125.06,50.51],[-125.2,50.48],[-125.21,50.48],[-125.53,50.58],[-125.54,50.65],[-125.56,50.63],[-125.57,50.6],[-126.24,50.83],[-126.51,51.04],[-126.51,51.04],[-126.52,51.06],[-126.53,51.04],[-127.36,51.06],[-127.54,51.29],[-127.56,51.49],[-127.42,51.61],[-127.35,51.64],[-127.28,51.65],[-126.97,51.67],[-126.74,51.69],[-126.69,51.7],[-127.03,51.72],[-127.34,51.71],[-127.44,51.68],[-127.57,51.57],[-127.58,51.71],[-127.55,51.95],[-127.78,52.2],[-127.67,52.25],[-127.55,52.3],[-127.44,52.36],[-127.24,52.4],[-127.18,52.31],[-127.01,52.29],[-126.96,52.25],[-126.9,52.19],[-126.83,52.13],[-126.74,52.06],[-126.71,52.06],[-126.75,52.11],[-126.9,52.23],[-126.9,52.27],[-126.94,52.31],[-127.13,52.37],[-127.16,52.39],[-127.19,52.46],[-127.21,52.5],[-127.19,52.54],[-127,52.66],[-126.95,52.72],[-126.95,52.75],[-126.97,52.78],[-127.01,52.84],[-127.02,52.84],[-127.01,52.75],[-127.01,52.72],[-127.03,52.68],[-127.07,52.65],[-127.11,52.63],[-127.52,52.36],[-127.56,52.34],[-127.71,52.32],[-127.79,52.29],[-127.83,52.26],[-127.92,52.36],[-128.05,52.46],[-128.02,52.49],[-127.94,52.55],[-127.94,52.55],[-128.04,52.53],[-128.08,52.49],[-128.21,52.59],[-128.2,52.62],[-128.13,52.81],[-128.11,52.86],[-128.05,52.91],[-128.11,52.91],[-128.37,52.83],[-128.45,52.88],[-128.52,53.14],[-128.65,53.24],[-128.87,53.33],[-128.9,53.33],[-129.02,53.53],[-129.15,53.49],[-129.17,53.53],[-129.11,53.64],[-129.02,53.69],[-128.94,53.72],[-128.85,53.7],[-128.85,53.67],[-128.91,53.56],[-128.83,53.55],[-128.54,53.42],[-128.48,53.41],[-128.36,53.46],[-128.29,53.46],[-128.13,53.42],[-128.08,53.37],[-127.93,53.27],[-127.95,53.33],[-128.12,53.45],[-128.21,53.48],[-128.37,53.49],[-128.47,53.47],[-128.51,53.48],[-128.6,53.51],[-128.68,53.55],[-128.75,53.66],[-128.77,53.71],[-128.76,53.75],[-128.75,53.78],[-128.71,53.81],[-128.65,53.83],[-128.56,53.85],[-128.53,53.86],[-128.65,53.92],[-128.7,53.92],[-128.89,53.83],[-128.93,53.82],[-128.94,53.84],[-128.96,53.84],[-129.01,53.8],[-129.06,53.78],[-129.21,53.64],[-129.23,53.58],[-129.24,53.48],[-129.24,53.47],[-129.34,53.45],[-129.58,53.61],[-129.94,53.83],[-129.98,54.14],[-129.79,54.17],[-129.63,54.23],[-129.79,54.24],[-129.9,54.23],[-129.93,54.22],[-129.79,54.37],[-130.03,54.72],[-130.19,54.77],[-130.14,54.82],[-130.11,54.89],[-129.95,55.08],[-129.89,55.16],[-129.78,55.28],[-129.56,55.46],[-129.63,55.45],[-129.67,55.44],[-129.7,55.44],[-129.73,55.46],[-129.77,55.5],[-129.8,55.56],[-129.81,55.53],[-129.82,55.42],[-129.84,55.32],[-129.88,55.25],[-129.99,55.11],[-130.05,55.06],[-130.09,55.11],[-130.06,55.19],[-130,55.26],[-129.99,55.36],[-130.04,55.47],[-130.08,55.56],[-130.09,55.63],[-130.09,55.69],[-130.09,55.75],[-130.06,55.81],[-130.02,55.88],[-130.03,55.89],[-130.07,55.84],[-130.11,55.78],[-130.14,55.72],[-130.15,55.65],[-130.14,55.59],[-130.12,55.52],[-130.06,55.41],[-130.04,55.34],[-130.04,55.3],[-130.17,55.14],[-130.22,55.06],[-130.21,55.03],[-130.2,54.95],[-130.34,54.82],[-130.73,54.95],[-130.73,55.13],[-130.81,55.28],[-130.75,55.3],[-130.75,55.32],[-130.83,55.33],[-130.87,55.4],[-130.87,55.43],[-130.88,55.48],[-130.87,55.55],[-130.88,55.61],[-130.9,55.66],[-130.9,55.7],[-130.91,55.71],[-130.92,55.74],[-130.98,55.81],[-131.13,55.96],[-131.14,56],[-131.07,56.04],[-131.03,56.09],[-131.29,56.01],[-131.34,56],[-131.37,56.01],[-131.77,55.99],[-131.95,55.99],[-131.91,56.06],[-131.84,56.16],[-131.74,56.16],[-131.55,56.21],[-131.81,56.23],[-131.8,56.25],[-132.01,56.41],[-132.33,56.57],[-132.34,56.6],[-132.36,56.63],[-132.43,56.63],[-132.48,56.69],[-132.49,56.77],[-132.58,56.78],[-132.67,56.88],[-132.83,56.98],[-132.81,57.04],[-132.82,57.06],[-132.91,57.05],[-132.95,57.05],[-133.09,57.15],[-133.35,57.33],[-133.51,57.68],[-133.51,57.68],[-133.34,57.63],[-133.14,57.56],[-133.12,57.57],[-133.44,57.73],[-133.52,57.78],[-133.52,57.78],[-133.52,57.79],[-133.52,57.79],[-133.54,57.83],[-133.54,57.86],[-133.51,57.88],[-133.21,57.87],[-133.19,57.88],[-133.5,57.92],[-133.56,57.92],[-133.63,57.86],[-133.63,57.86],[-133.78,57.96],[-134.06,58.22],[-134.05,58.29],[-133.93,58.47],[-133.89,58.5],[-133.88,58.52],[-133.91,58.52],[-133.94,58.5],[-134.04,58.42],[-134.13,58.28],[-134.17,58.26],[-134.34,58.3],[-134.49,58.37],[-134.5,58.37],[-134.81,58.53],[-134.95,58.69],[-134.96,58.74],[-134.99,58.77],[-135.03,58.78],[-135.13,58.9],[-135.19,59],[-135.22,59.08],[-135.33,59.24],[-135.36,59.32],[-135.35,59.41],[-135.36,59.42],[-135.4,59.35],[-135.41,59.32],[-135.48,59.31],[-135.56,59.35],[-136.21,59.64],[-136.67,60.14],[-136.83,60.41],[-136.6,60.6],[-136.4,60.8],[-136.03,60.8],[-135.77,60.91],[-135.17,60.85],[-134.8,60.64],[-134.5,60.56],[-134.49,60.56],[-134.49,60.55],[-134.29,60.4],[-134.26,60.17],[-134.21,59.93],[-134,59.61]]],[[[-123.94,49.72],[-123.97,49.74],[-123.96,49.74],[-123.92,49.72],[-123.91,49.7],[-123.94,49.72]]],[[[-128.4,52.75],[-128.36,52.78],[-128.25,52.78],[-128.25,52.74],[-128.27,52.65],[-128.4,52.75]]],[[[-128.68,52.97],[-128.83,53.22],[-128.74,53.18],[-128.63,53.11],[-128.55,52.94],[-128.54,52.86],[-128.68,52.97]]]]}},{"type":"Feature","properties":{"name":"CASCADE RANGE"},"geometry":{"type":"Polygon","coordinates":[[[-119.11,50.65],[-119.21,50.49],[-119.36,50.37],[-119.38,50.35],[-119.46,50.25],[-119.44,50.08],[-119.53,49.95],[-119.68,49.84],[-119.69,49.74],[-119.7,49.63],[-119.71,49.53],[-119.68,49.19],[-119.68,49],[-119.68,48.47],[-119.72,48.34],[-119.77,48.1],[-119.78,48.08],[-119.86,47.94],[-119.97,47.84],[-119.98,47.83],[-120.16,47.78],[-120.22,47.6],[-120.22,47.6],[-120.37,47.34],[-120.61,47.04],[-120.71,46.62],[-120.87,46.2],[-121.08,45.59],[-121.32,44.98],[-121.43,44.39],[-121.46,44.24],[-121.59,43.65],[-121.7,43.15],[-121.77,42.63],[-121.66,42.18],[-121.43,42],[-121.35,41.75],[-121.35,41.51],[-121.35,41.25],[-121.28,41.04],[-121.11,40.8],[-120.95,40.59],[-121.08,40.4],[-121.29,40.35],[-121.56,40.27],[-121.77,40.11],[-121.96,40.43],[-122.09,40.69],[-122.32,41.25],[-122.41,41.81],[-122.48,42.31],[-122.48,42.77],[-122.59,43.26],[-122.72,43.58],[-122.97,44.04],[-123.04,44.18],[-122.83,44.56],[-122.7,44.87],[-122.46,45.19],[-122.46,45.52],[-122.55,45.62],[-122.64,45.72],[-122.78,45.88],[-122.8,46.22],[-122.78,46.65],[-122.76,46.66],[-122.27,47.07],[-122.14,47.39],[-122.03,47.86],[-122.19,48.26],[-122.44,48.6],[-122.51,48.66],[-122.51,48.67],[-122.55,48.76],[-122.56,48.78],[-122.58,48.78],[-122.6,48.77],[-122.63,48.77],[-122.71,48.83],[-122.72,48.85],[-122.79,48.99],[-122.83,49.03],[-122.92,49.07],[-122.96,49.07],[-123,49.06],[-123.08,49.13],[-123.08,49.13],[-122.76,49.22],[-122.4,49.15],[-122.06,49.18],[-121.84,49.21],[-121.66,49.31],[-121.44,49.47],[-121.41,49.59],[-121.39,49.85],[-121.56,50.11],[-121.59,50.24],[-121.41,50.32],[-121.34,50.43],[-121.29,50.53],[-121.33,50.62],[-121.25,50.75],[-121.08,50.79],[-120.89,50.76],[-120.78,50.79],[-120.64,50.75],[-120.39,50.71],[-120.13,50.68],[-119.94,50.66],[-119.77,50.75],[-119.6,50.9],[-119.41,50.97],[-119.29,50.98],[-119.19,50.98],[-119.01,50.99],[-119.01,50.86],[-119.11,50.65]]]}},{"type":"Feature","properties":{"name":"ALASKA RANGE"},"geometry":{"type":"Polygon","coordinates":[[[-147.3,64.22],[-146.86,64.33],[-146.3,64.27],[-145.83,64.16],[-145.5,64.14],[-145.06,64.07],[-144.76,63.87],[-144.54,63.73],[-144.18,63.73],[-143.91,63.65],[-143.79,63.52],[-143.63,63.42],[-143.31,63.41],[-142.96,63.4],[-142.78,63.36],[-142.58,63.24],[-142.7,63.07],[-143.15,63.02],[-143.65,62.71],[-143.92,62.73],[-144.37,62.71],[-144.47,62.66],[-144.55,62.63],[-144.85,62.49],[-145.19,62.36],[-145.38,62.27],[-145.77,62.31],[-146.19,62.42],[-146.68,62.56],[-146.93,62.65],[-147.33,62.68],[-147.7,62.79],[-148.1,62.84],[-148.55,62.81],[-148.94,62.84],[-149.31,62.84],[-149.6,62.87],[-149.9,62.73],[-150.09,62.59],[-150.16,62.39],[-150.12,62.06],[-150.16,61.86],[-150.36,61.65],[-150.46,61.58],[-150.58,61.36],[-150.96,61.2],[-150.97,61.19],[-151.06,61.15],[-151.15,61.09],[-151.28,61.04],[-151.46,61.01],[-151.59,60.98],[-151.73,60.91],[-151.76,60.88],[-151.86,61.04],[-151.86,61.23],[-152.25,61.31],[-152.59,61.25],[-152.96,61.23],[-153.18,61.17],[-153.52,61.2],[-153.78,61.2],[-154.02,60.99],[-154.31,61.07],[-154.58,61.21],[-154.58,61.21],[-154.47,61.62],[-154.61,62.1],[-154.45,62.42],[-153.73,62.64],[-153.23,62.79],[-152.36,63.17],[-151.64,63.37],[-150.74,63.87],[-150.33,64.06],[-149.15,64.35],[-148.31,64.35],[-147.3,64.22]]]}},{"type":"Feature","properties":{"name":"Pensacola Mountains"},"geometry":{"type":"Polygon","coordinates":[[[-61.71,-85.17],[-61.66,-85],[-61.48,-84.63],[-61.08,-84.21],[-60.46,-83.88],[-59.85,-83.69],[-59.58,-83.62],[-54.67,-82.41],[-53.15,-82.15],[-52.8,-82.15],[-52.41,-82.13],[-51.73,-82.06],[-51.21,-82.02],[-50.65,-81.98],[-50.03,-81.97],[-48.43,-81.9],[-48.1,-81.91],[-47.89,-81.93],[-47.36,-82],[-47.02,-82],[-46.82,-81.99],[-46.76,-82.41],[-48.6,-83.11],[-50.49,-83.8],[-54.1,-83.99],[-57.24,-85.02],[-61.71,-85.17]]]}},{"type":"Feature","properties":{"name":"Ellsworth Mountains"},"geometry":{"type":"Polygon","coordinates":[[[-76.84,-81.45],[-80.16,-81.23],[-84.14,-79.98],[-85.25,-79.62],[-87.27,-78.84],[-87.62,-77.87],[-87.5,-77.73],[-87.25,-77.45],[-87.12,-77.3],[-85.48,-77.02],[-84.19,-77.37],[-84.19,-77.37],[-83.7,-78.01],[-83.78,-77.98],[-83.75,-78.07],[-83.69,-78.15],[-83.51,-78.25],[-83.25,-78.36],[-83.23,-78.4],[-83.35,-78.41],[-83.54,-78.36],[-83.71,-78.4],[-83.76,-78.46],[-83.7,-78.54],[-83.6,-78.61],[-83.26,-78.77],[-82.97,-78.82],[-82.59,-78.92],[-81.66,-79.1],[-81.5,-79.16],[-81.22,-79.3],[-81.16,-79.4],[-80.89,-79.5],[-80.7,-79.52],[-80.53,-79.51],[-80.53,-79.5],[-79.71,-79.79],[-79.14,-80],[-79.66,-80],[-78.91,-80.09],[-78.18,-80.17],[-77.75,-80.16],[-75.91,-80.37],[-75.87,-81.12],[-76.84,-81.45]]]}},{"type":"Feature","properties":{"name":"Queen Maude Mountains"},"geometry":{"type":"Polygon","coordinates":[[[-150.29,-85.54],[-148.87,-86.46],[-150.29,-87.04],[-155.25,-87.08],[-161.67,-86.62],[-166.12,-86.58],[-169.96,-86.12],[-177.1,-85.47],[-180,-85.62],[-180,-84.35],[-178.39,-84.34],[-178.07,-84.35],[-177.73,-84.4],[-176.99,-84.4],[-176.29,-84.42],[-176.11,-84.48],[-175.87,-84.51],[-175.38,-84.48],[-174.99,-84.47],[-174.67,-84.46],[-171.12,-84.58],[-171.12,-84.58],[-169.96,-84.62],[-169.69,-84.64],[-168.27,-84.71],[-168.05,-84.73],[-167.49,-84.83],[-166.91,-84.82],[-165.35,-84.86],[-164.04,-84.92],[-160.72,-84.99],[-159.32,-85.07],[-159.17,-85.08],[-157.12,-85.21],[-154.93,-85.32],[-150.29,-85.54]]]}},{"type":"Feature","properties":{"name":"Queen Maud Mountains"},"geometry":{"type":"Polygon","coordinates":[[[180,-86.04],[180,-86.96],[177.49,-86.68],[171.56,-86.3],[171.56,-86.3],[171.56,-86.3],[168.4,-84.82],[171.26,-83.68],[180,-84.38],[180,-84.38],[180,-86.04]]]}},{"type":"Feature","properties":{"name":"ATLAS SAHARIEN"},"geometry":{"type":"Polygon","coordinates":[[[3.16,34.1],[2.78,33.86],[2.75,33.85],[2.06,33.68],[1.14,33.15],[0.69,33],[0.42,32.9],[-0.39,32.49],[-0.49,32.4],[-0.61,32.29],[-0.91,32.17],[-1.41,32],[-1.95,31.84],[-2.21,31.9],[-2.35,32.04],[-2.13,32.29],[-1.96,32.52],[-1.6,32.56],[-1.07,32.77],[-0.68,33.13],[-0.5,33.15],[-0.04,33.44],[0.44,33.48],[0.88,33.68],[1.18,34.07],[1.43,34.15],[1.39,33.93],[1.62,34.03],[1.78,34.29],[2.33,34.7],[2.78,34.81],[3.21,35.07],[3.65,35.31],[3.98,35.61],[4.24,35.67],[4.55,35.51],[4.59,35.32],[4.79,35.14],[4.86,34.89],[4.55,34.71],[4.19,34.5],[4,34.36],[3.72,34.26],[3.62,34.23],[3.16,34.1]]]}},{"type":"Feature","properties":{"name":"HAUT ATLAS"},"geometry":{"type":"Polygon","coordinates":[[[-3.2,32.72],[-3.23,32.54],[-2.75,32.56],[-2.37,32.45],[-2.54,32.28],[-3.16,32.2],[-3.82,32.08],[-4.02,32.19],[-4.75,31.94],[-5.2,31.72],[-5.78,31.45],[-6.47,31.37],[-6.86,31.31],[-7.45,31.18],[-7.61,31.03],[-7.79,30.96],[-7.99,30.94],[-8.36,30.9],[-8.64,30.83],[-8.93,30.79],[-9.28,30.65],[-9.49,30.75],[-9.15,31],[-8.9,31.23],[-8.64,31.24],[-8.28,31.29],[-7.95,31.29],[-7.73,31.45],[-7.46,31.63],[-7.17,31.76],[-6.98,32],[-6.67,32.21],[-6.19,32.47],[-5.94,32.66],[-5.7,32.75],[-5.18,32.73],[-5.02,32.67],[-4.24,32.74],[-4,32.75],[-3.69,32.68],[-3.43,32.78],[-3.08,32.99],[-2.83,33.15],[-2.75,32.99],[-2.97,32.84],[-3.2,32.72]]]}},{"type":"Feature","properties":{"name":"DRAKENSBERG"},"geometry":{"type":"Polygon","coordinates":[[[30.11,-30.69],[29.54,-31.29],[29.53,-31.3],[29.19,-31.66],[28.74,-32.11],[28.27,-32.52],[27.8,-32.87],[27.12,-33.3],[26.71,-33.41],[26.36,-33.51],[26.18,-33.44],[25.52,-33.32],[25.14,-33.2],[25.18,-32.93],[25.09,-32.74],[25.06,-32.5],[24.86,-32.44],[24.83,-32.43],[24.56,-32.34],[24.21,-32.26],[23.98,-32.26],[23.74,-32.25],[23.53,-32.07],[23.62,-31.99],[23.84,-31.81],[24.12,-31.66],[24.34,-31.45],[24.45,-31.34],[25.06,-30.99],[25.33,-31.01],[25.55,-31.02],[26.21,-30.94],[26.75,-30.94],[27.22,-30.76],[27.18,-30.4],[27.02,-29.94],[27.26,-29.68],[27.45,-29.57],[27.89,-28.97],[28.04,-28.47],[28.38,-28.38],[29.13,-28.26],[29.32,-27.81],[29.85,-27.33],[30.14,-27.08],[30.38,-26.26],[30.14,-25.68],[30.01,-25.28],[29.84,-24.9],[29.9,-24.27],[29.64,-24.09],[29.84,-23.6],[29.89,-23.23],[29.76,-22.82],[30.58,-22.42],[31.13,-22.38],[31.26,-22.57],[31.03,-22.77],[30.6,-23.52],[30.64,-23.94],[30.97,-24.45],[31.62,-25.24],[31.54,-25.7],[31.58,-26.31],[31.6,-26.91],[31.8,-27.11],[31.97,-27.28],[32.15,-27.48],[32.34,-27.7],[31.89,-28.44],[31.62,-28.78],[31.5,-28.92],[31.34,-29.08],[31.15,-29.27],[30.88,-29.74],[30.51,-30.06],[30.22,-30.32],[30.11,-30.69]]]}},{"type":"Feature","properties":{"name":"CRYSTAL MOUNTAINS"},"geometry":{"type":"Polygon","coordinates":[[[13.27,-2.72],[13.79,-3.69],[13.78,-3.94],[13.37,-4.01],[12.48,-3.33],[12.19,-3.33],[12.18,-3.66],[12.65,-4.19],[13.29,-4.46],[13.51,-4.77],[13.66,-4.97],[13.84,-5.62],[13.62,-6.04],[13.86,-6.67],[14.44,-7.01],[14.99,-7.68],[14.99,-7.69],[15.23,-8.8],[14.78,-9.02],[14.33,-8.69],[13.83,-7.82],[13.41,-7.14],[13.31,-6.76],[13.21,-6.38],[13.29,-6.19],[13.06,-5.46],[12.79,-5.03],[12.7,-4.88],[12.31,-4.42],[11.5,-3.66],[10.87,-3.09],[10.36,-2.58],[10.15,-1.85],[10.08,-1.33],[10.75,-0.75],[10.64,-0.2],[10.55,0.17],[10.35,0.48],[10.11,0.79],[10.08,1.13],[10.23,1.22],[10.43,1.05],[10.73,0.91],[11.1,0.61],[11.26,0.03],[12.29,-0.38],[12.51,-0.79],[12.55,-1.23],[12.76,-1.61],[13.27,-2.72]]]}},{"type":"Feature","properties":{"name":"TIBESTI MTS."},"geometry":{"type":"Polygon","coordinates":[[[19.61,22.54],[19.58,21.85],[19.5,21.47],[19.38,20.84],[19.42,20.23],[19.31,19.87],[19.1,19.7],[18.88,19.52],[18.38,19.49],[17.82,19.66],[17.41,19.85],[17.07,20.37],[16.69,20.36],[16.39,20.15],[16.17,20.1],[16.14,20.09],[16.15,20.13],[16.19,20.36],[16.1,20.55],[16.23,20.71],[16.12,20.89],[15.95,21.19],[15.82,21.71],[15.68,22.23],[15.8,22.31],[16.21,22.01],[16.48,22.07],[16.77,21.94],[17.16,22.02],[17.37,22.31],[17.56,22.61],[17.95,22.66],[18.33,22.72],[18.36,22.92],[18.31,23.21],[18.41,23.54],[18.61,23.8],[18.84,23.96],[19.03,24.09],[19.22,24.08],[19.39,24.07],[19.76,24],[19.78,23.97],[19.86,23.83],[19.85,23.48],[19.76,22.95],[19.61,22.54]]]}},{"type":"Feature","properties":{"name":"AHAGGAR MTS."},"geometry":{"type":"Polygon","coordinates":[[[4.8,26.96],[4.92,26.73],[4.94,26.69],[4.95,26.63],[5.03,26.16],[5.21,25.55],[5.69,25.25],[5.74,25.25],[6.15,25.23],[6.23,25.23],[6.43,24.94],[6.65,24.72],[7.11,24.53],[8.02,24.46],[8.26,24.42],[8.48,24.39],[8.75,24.34],[8.87,24.15],[8.63,24.11],[8.5,24.09],[8.6,23.85],[8.43,23.49],[8.76,23.47],[8.93,23.46],[8.9,23.25],[8.8,23.16],[8.59,22.96],[8.59,22.8],[8.59,22.71],[8.32,22.54],[7.96,22.23],[7.93,22.32],[7.86,22.49],[7.71,22.57],[7.55,22.68],[7.17,22.38],[7.12,22.07],[6.83,21.85],[6.6,21.67],[6.53,21.7],[6.41,21.76],[6.24,21.93],[5.98,21.92],[5.88,21.92],[5.88,21.98],[5.89,22.31],[5.36,22.32],[5.07,22.41],[4.98,22.45],[4.78,22.54],[4.56,22.65],[4.42,22.88],[4.44,23.2],[4.43,23.4],[4.61,23.65],[4.68,23.8],[4.65,23.84],[4.51,23.99],[4.28,24.19],[4.25,24.23],[3.92,24.3],[3.62,24.24],[3.25,24.22],[2.91,24.19],[2.53,24.19],[2.26,24.28],[1.67,24.37],[1.31,24.64],[1.07,24.85],[1.61,25.08],[1.96,25.11],[2.08,24.81],[2.41,24.78],[2.52,25.12],[2.64,25.56],[2.73,25.57],[2.75,25.24],[2.92,25.26],[3,25.34],[3.16,25.42],[3.14,25.58],[3.24,25.81],[3.22,26.13],[3.49,26.46],[3.55,26.81],[3.56,26.97],[3.75,26.93],[3.84,26.8],[4.09,26.82],[4.66,26.98],[4.8,26.96]]]}},{"type":"Feature","properties":{"name":"AÏR MTS."},"geometry":{"type":"Polygon","coordinates":[[[8.93,17.37],[8.63,17.26],[8.5,17.4],[8.44,17.55],[8.26,17.73],[8.23,17.9],[8.39,18.12],[8.29,18.24],[8.12,18.57],[8.1,18.77],[7.68,18.99],[7.31,19.59],[7.47,19.74],[7.69,19.96],[7.75,20.02],[7.85,20.12],[8.16,20.3],[8.22,20.31],[8.35,20.33],[8.42,20.34],[8.65,20.36],[8.65,20.36],[8.67,20.35],[8.75,20.33],[8.74,20.07],[8.73,19.86],[8.82,19.6],[8.81,19.52],[9.04,19.32],[9.31,19.16],[9.53,19.07],[9.73,18.8],[9.84,18.57],[9.85,18.55],[9.84,18.51],[9.79,18.35],[9.66,18.2],[9.51,18.09],[9.34,18.09],[9.26,17.99],[9.47,17.89],[9.68,17.79],[9.54,17.72],[9.36,17.71],[8.93,17.37]]]}},{"type":"Feature","properties":{"name":"MITUMBA MTS."},"geometry":{"type":"Polygon","coordinates":[[[29.03,-4.96],[29.14,-5.48],[28.82,-4.89],[28.75,-4.76],[28.69,-4.62],[28.65,-4.55],[28.45,-4.13],[28.01,-3.76],[28.16,-3.17],[28.27,-2.67],[28.39,-2.61],[28.4,-2],[28.41,-1.53],[28.41,-1.52],[28.5,-1.13],[28.53,-0.99],[28.66,-0.44],[29.08,0.41],[29.47,0.71],[29.71,1.09],[30.16,1.62],[30.49,1.89],[30.64,2],[30.88,2.29],[31.1,2.72],[31.35,2.7],[31.35,2.47],[31.15,2.13],[31.02,2.02],[30.54,1.62],[30.41,1.32],[30.41,1.17],[30.42,1.03],[30.18,0.57],[29.83,0.06],[29.8,0.01],[29.76,0],[29.61,-0.05],[29.42,-0.34],[29.32,-0.69],[29.44,-0.73],[29.39,-1.05],[29.36,-1.3],[29.12,-1.5],[28.92,-2],[28.86,-2.45],[29.2,-3.3],[29.11,-3.75],[29.06,-4.02],[29.19,-4.34],[29.12,-4.69],[29.03,-4.96]]]}},{"type":"Feature","properties":{"name":"Lesser Khingan Range"},"geometry":{"type":"Polygon","coordinates":[[[128.87,46.45],[128.77,46.44],[128.68,46.47],[128.6,46.52],[128.21,47],[128.2,47.02],[128.19,47.04],[128.2,47.19],[128.19,47.21],[127.27,48.57],[126.95,48.85],[126.83,48.91],[126.69,48.94],[126.29,48.97],[125,49.34],[124.77,49.48],[124.58,49.68],[124.56,49.71],[124.44,49.91],[124.36,50.17],[124.41,50.86],[124.42,50.96],[124.46,51.04],[124.52,51.12],[124.61,51.19],[124.69,51.25],[125.27,51.55],[125.78,51.66],[126.06,51.66],[126.33,51.61],[126.57,51.52],[126.77,51.38],[126.92,51.17],[126.94,51.12],[126.96,50.96],[127.07,50.75],[127.19,50.29],[127.23,50.21],[127.28,50.14],[127.75,49.78],[127.83,49.71],[127.94,49.66],[128.78,49.57],[130.08,49.1],[130.29,48.95],[130.44,48.77],[130.76,48.13],[130.84,47.88],[130.85,47.76],[130.83,47.66],[130.76,47.59],[130.65,47.57],[130.9,47.38],[130.93,47.34],[130.95,47.29],[130.96,47.21],[130.96,47.19],[130.95,47.18],[130.94,47.16],[130.76,47.09],[130.31,47.02],[130.23,47],[130.07,46.88],[129.99,46.85],[129.91,46.84],[129.74,46.83],[129.23,46.69],[128.99,46.51],[128.87,46.45]]]}},{"type":"Feature","properties":{"name":"SIKHOTE-ALIN’ RANGE"},"geometry":{"type":"Polygon","coordinates":[[[133.13,42.83],[133.02,42.83],[132.91,42.83],[132.79,42.85],[132.73,42.86],[132.71,42.88],[132.69,42.88],[132.68,42.88],[132.59,42.95],[132.53,43.06],[132.52,43.18],[132.52,43.31],[132.53,43.43],[132.55,43.53],[132.59,43.62],[132.64,43.72],[132.69,43.8],[132.8,43.94],[133.66,44.88],[133.8,45.01],[134.26,45.36],[134.91,45.92],[135.92,47],[137.2,48.54],[137.36,48.7],[137.43,48.78],[137.49,48.88],[137.51,48.92],[137.56,49.06],[137.6,49.17],[137.79,49.47],[138,49.87],[138.08,50],[138.15,50.1],[138.8,50.6],[138.91,50.71],[139.22,51.04],[139.42,51.22],[139.63,51.4],[139.71,51.45],[139.8,51.47],[140.19,51.5],[140.3,51.5],[140.4,51.48],[140.51,51.41],[140.55,51.32],[140.56,51.22],[140.54,51.1],[140.37,50.41],[140.31,49.8],[140.31,49.69],[140.32,49.49],[140.31,49.39],[140.3,49.37],[140.28,49.34],[140.27,49.32],[140.27,49.3],[140.28,49.27],[140.27,49.25],[140.24,49.14],[140.19,49.05],[140.14,48.96],[140.01,48.81],[139.88,48.64],[139.82,48.56],[139.74,48.48],[139.48,48.29],[139.4,48.23],[139.33,48.15],[138.4,46.94],[137.77,46.26],[137.54,45.99],[137.36,45.81],[136.98,45.47],[136.87,45.35],[136.55,44.98],[136.43,44.87],[135.84,44.39],[135.5,44.07],[134.77,43.45],[134.7,43.41],[134.56,43.35],[134.26,43.25],[133.62,42.96],[133.34,42.86],[133.24,42.84],[133.13,42.83]]]}},{"type":"Feature","properties":{"name":"VERKHOYANSK RANGE"},"geometry":{"type":"Polygon","coordinates":[[[139.21,62.72],[139.09,62.72],[138.95,62.73],[138.85,62.74],[138.45,62.85],[138.25,62.92],[138.14,62.96],[136.9,63.24],[134.51,63.58],[133.84,63.62],[132.16,63.83],[130.35,63.92],[128.75,64.18],[127.87,64.43],[127.64,64.52],[127.41,64.64],[127.16,64.84],[126.94,65.06],[126.75,65.3],[126.58,65.56],[126.4,66.06],[126.31,66.6],[126.3,67.15],[126.36,67.68],[126.41,67.95],[126.48,68.22],[126.88,69.34],[127.03,69.63],[127.21,69.9],[127.34,70.05],[127.48,70.19],[127.64,70.32],[127.81,70.42],[128.04,70.51],[128.29,70.56],[128.78,70.61],[129.04,70.61],[129.3,70.54],[129.54,70.42],[129.89,70.18],[130.04,70.09],[130.18,69.99],[130.29,69.87],[130.34,69.72],[130.37,69.56],[130.38,69.4],[130.36,68.75],[130.32,68.51],[130.24,68.27],[130.13,68.04],[130.04,67.81],[130,67.58],[130.01,67.32],[130.11,66.9],[130.25,66.49],[130.44,66.11],[130.7,65.79],[130.86,65.66],[131.5,65.31],[131.59,65.27],[131.68,65.24],[134.75,64.67],[135.87,64.57],[137.33,64.31],[138.37,64.04],[138.67,63.99],[138.81,63.95],[139.04,63.85],[139.25,63.72],[139.42,63.54],[139.51,63.31],[139.52,63.2],[139.5,63.09],[139.46,62.98],[139.41,62.88],[139.32,62.77],[139.21,62.72]]]}},{"type":"Feature","properties":{"name":"Central Highlands"},"geometry":{"type":"Polygon","coordinates":[[[108.54,11.73],[108.46,11.71],[107.73,11.72],[107.63,11.75],[107.54,11.79],[107.48,11.84],[107.43,11.91],[107.4,12],[107.36,13.01],[107.08,13.78],[107.04,14.45],[106.88,14.78],[106.81,15.12],[106.8,15.75],[106.81,15.79],[106.86,15.82],[107.13,15.89],[107.46,15.93],[107.55,15.91],[107.75,15.84],[107.83,15.79],[107.87,15.74],[107.99,15.52],[108.78,12.83],[108.78,12.35],[108.75,12.21],[108.68,11.92],[108.63,11.82],[108.6,11.77],[108.54,11.73]]]}},{"type":"Feature","properties":{"name":"QUILIAN MOUNTAINS"},"geometry":{"type":"Polygon","coordinates":[[[102.96,37.45],[102.46,36.44],[102.3,36.22],[102.17,36.08],[102.06,36.05],[102.03,36.07],[101.94,36.16],[101.91,36.18],[101.88,36.19],[101.1,36.16],[100.79,36.2],[99.87,36.56],[99.47,36.84],[99.24,36.93],[98.99,36.96],[98.36,36.92],[98.21,36.95],[98.08,37.02],[97.62,37.46],[97.48,37.53],[96.67,37.54],[96.46,37.61],[96.35,37.66],[96.33,37.72],[96.28,37.77],[95.79,37.89],[95.3,38.11],[95.09,38.27],[94.58,38.46],[94.51,38.52],[94.48,38.6],[94.51,38.69],[94.57,38.75],[94.66,38.79],[95.29,38.81],[95.37,38.83],[95.42,38.86],[95.44,38.9],[95.43,38.93],[95.39,38.97],[95.19,39.08],[94.49,39.25],[94.39,39.31],[94.35,39.4],[94.37,39.52],[94.45,39.67],[94.57,39.8],[94.71,39.9],[95.03,40.04],[95.64,40.14],[95.66,40.14],[96.27,40.07],[97.44,39.93],[98.3,39.84],[98.53,39.77],[99.43,39.51],[99.53,39.48],[99.65,39.44],[99.7,39.4],[99.71,39.39],[100.86,38.48],[101.01,38.39],[101.11,38.36],[102.01,38.27],[102.24,38.24],[102.37,38.19],[102.5,38.12],[102.71,37.94],[102.86,37.71],[102.96,37.57],[102.96,37.45]]]}},{"type":"Feature","properties":{"name":"EASTERN SAYAN MTS."},"geometry":{"type":"Polygon","coordinates":[[[94.62,55.22],[95.02,55.19],[95.13,55.2],[95.33,55.27],[95.7,55.45],[95.93,55.51],[96.46,55.53],[96.73,55.48],[98.96,54.63],[99.28,54.45],[99.82,54.04],[103.43,52.36],[103.62,52.22],[103.69,52.14],[103.71,52.1],[103.72,52.06],[103.72,52.03],[103.66,51.86],[103.64,51.85],[103.29,51.84],[103.25,51.83],[103.23,51.8],[103.22,51.77],[103.2,51.76],[102.91,51.81],[102.73,51.77],[102.65,51.77],[102.6,51.79],[102.55,51.85],[102.51,51.88],[102.46,51.89],[102.29,51.86],[101.95,51.89],[101.68,51.88],[100.99,51.71],[98.39,51.72],[96.61,52.01],[95.94,52.36],[95.09,52.81],[94,53.13],[93.84,53.18],[92.84,53.84],[92.47,54.19],[91.82,54.61],[91.76,54.67],[91.71,54.74],[91.67,54.82],[91.64,54.91],[91.62,55.01],[91.62,55.09],[91.64,55.16],[91.67,55.22],[91.76,55.33],[92.21,55.69],[92.25,55.72],[92.44,55.82],[92.66,55.88],[92.68,55.88],[92.9,55.88],[93.14,55.84],[94.26,55.29],[94.62,55.22]]]}},{"type":"Feature","properties":{"name":"YABLONOVYY RANGE"},"geometry":{"type":"Polygon","coordinates":[[[117.7,51.75],[117.06,51.27],[116.99,51.23],[116.91,51.22],[116.54,51.31],[116.44,51.29],[116.03,51.06],[115.92,51.02],[115.51,50.99],[115.38,50.94],[115.28,50.87],[115.2,50.78],[115.13,50.67],[114.89,49.87],[114.75,49.64],[114.66,49.54],[114.59,49.49],[114.55,49.46],[114.44,49.42],[114.2,49.37],[113.58,49.37],[113.37,49.46],[112.86,49.68],[111.26,49.94],[111.14,50.01],[111.07,50.12],[111.05,50.22],[111.09,50.3],[111.47,50.67],[111.9,51.41],[113.49,52.9],[113.7,53.17],[113.78,53.32],[113.86,53.75],[113.89,53.8],[113.92,53.87],[114.69,54.72],[114.82,54.81],[114.87,54.86],[115.43,56.4],[115.65,56.73],[116.19,57.31],[116.79,58.34],[116.92,58.49],[117.08,58.62],[117.28,58.73],[117.65,58.85],[118,58.91],[118.32,58.91],[118.86,58.79],[119.7,58.34],[120.6,58.18],[120.77,58.1],[120.94,57.97],[121.09,57.8],[121.22,57.61],[121.32,57.4],[121.39,57.18],[121.4,56.96],[121.07,55.68],[120.99,55.53],[120.35,54.69],[120.29,54.51],[120.25,54.44],[120.01,54.16],[119.93,54.02],[119.53,53.61],[119.46,53.58],[119.18,53.52],[119.13,53.48],[118.69,52.71],[118.4,52.44],[118.36,52.39],[118.33,52.33],[118.3,52.28],[118.24,52.25],[117.95,52.19],[117.9,52.16],[117.87,52.11],[117.77,51.85],[117.7,51.75]]]}},{"type":"Feature","properties":{"name":"Dabie Mts."},"geometry":{"type":"Polygon","coordinates":[[[117.2,31.21],[117.18,31.16],[116.02,30.08],[115.96,30.05],[115.9,30.03],[115.83,30.03],[115.77,30.05],[115.71,30.08],[115.65,30.13],[115.62,30.2],[115.55,30.43],[115.52,30.49],[115.47,30.53],[115.4,30.58],[115.19,30.65],[115.15,30.68],[115.11,30.71],[115.08,30.75],[115.06,30.81],[115.05,30.87],[115.05,30.9],[115.04,30.91],[115.03,30.93],[114.98,30.96],[114.93,30.98],[114.57,31.02],[114.4,31.09],[113.85,31.12],[113.61,31.18],[113.44,31.18],[113.38,31.19],[113.25,31.24],[113.12,31.33],[113,31.43],[112.92,31.54],[112.86,31.68],[112.83,32.29],[112.84,32.36],[112.87,32.43],[112.91,32.48],[112.97,32.53],[113.05,32.56],[113.32,32.58],[113.54,32.58],[113.59,32.57],[113.63,32.55],[113.93,32.3],[114.07,32.23],[114.2,32.2],[115.13,32.18],[115.64,32.09],[116.5,31.74],[117.1,31.38],[117.15,31.33],[117.19,31.29],[117.2,31.25],[117.2,31.21]]]}},{"type":"Feature","properties":{"name":"Nan Ling Mts."},"geometry":{"type":"Polygon","coordinates":[[[113.09,23.65],[112.86,23.6],[112.3,23.3],[112.18,23.26],[111.86,23.26],[111.71,23.29],[111.57,23.36],[111.32,23.54],[111.2,23.6],[111.13,23.62],[111.06,23.63],[110.98,23.63],[110.79,23.72],[110.01,23.85],[109.98,23.87],[109.93,23.9],[109.9,23.94],[109.84,24.02],[109.81,24.12],[109.79,24.21],[109.8,24.39],[109.8,24.41],[109.79,24.44],[109.76,24.47],[109.73,24.49],[109.55,24.54],[109.52,24.56],[109.46,24.62],[109.43,24.69],[109.42,24.76],[109.44,24.84],[109.47,24.92],[109.56,25.06],[109.69,25.19],[109.7,25.2],[109.72,25.23],[109.75,25.37],[109.82,25.55],[109.83,25.58],[109.82,25.61],[110.11,25.82],[110.21,25.85],[110.31,25.87],[111.56,25.87],[111.66,25.85],[111.76,25.8],[111.93,25.65],[111.96,25.63],[112.04,25.6],[113.51,25.4],[113.76,25.32],[113.91,25.24],[113.99,25.18],[114.06,25.1],[114.09,25.06],[114.11,25.01],[114.12,24.96],[114.12,24.91],[114.11,24.87],[114.09,24.84],[114.06,24.82],[113.9,24.77],[113.82,24.71],[113.77,24.65],[113.66,24.3],[113.62,24.22],[113.56,24.15],[113.38,24],[113.32,23.94],[113.19,23.73],[113.16,23.7],[113.12,23.67],[113.09,23.65]]]}},{"type":"Feature","properties":{"name":"WESTERN GHATS"},"geometry":{"type":"Polygon","coordinates":[[[76.79,10.55],[76.76,10.55],[76.47,10.59],[76.37,10.62],[76.28,10.66],[76.1,10.78],[76.04,10.84],[75.91,10.97],[75.83,11.09],[75.72,11.36],[75.65,11.47],[75.61,11.54],[75.56,11.7],[75.49,11.96],[75.45,12.04],[75.14,12.49],[74.86,13.55],[74.59,14.14],[74.39,14.44],[74.38,14.49],[74.34,14.58],[74.28,14.65],[74.22,14.71],[74.11,14.86],[74.05,15.02],[73.93,15.58],[73.64,16.03],[72.89,18.75],[72.9,18.78],[72.98,18.93],[73.01,19.02],[72.97,19.15],[72.9,19.01],[72.85,18.99],[72.86,19.29],[72.99,19.28],[72.86,19.33],[72.87,19.66],[72.95,19.95],[73.39,20.73],[73.42,20.76],[73.47,20.79],[73.53,20.81],[73.73,20.81],[73.83,20.78],[73.88,20.76],[73.92,20.73],[73.95,20.69],[73.97,20.64],[73.98,20.58],[73.99,20.51],[73.96,20.21],[74.08,18.53],[75.86,13.18],[76.34,12.26],[76.41,12.17],[76.54,12.12],[77.21,12.04],[77.33,11.99],[77.4,11.89],[77.39,11.78],[76.89,10.78],[76.88,10.67],[76.79,10.55]]]}},{"type":"Feature","properties":{"name":"EASTERN GHATS"},"geometry":{"type":"Polygon","coordinates":[[[78.7,11.33],[78.28,11.29],[78.1,11.31],[78.04,11.33],[77.89,11.43],[77.76,11.58],[77.71,11.66],[77.68,11.73],[77.68,11.8],[78.18,12.68],[78.68,14.15],[78.67,15.56],[78.75,15.87],[78.83,16.02],[79.8,17.13],[79.87,17.22],[79.94,17.27],[80.32,17.57],[81.2,18.58],[81.23,18.68],[81.28,19.09],[81.31,19.19],[81.36,19.28],[81.96,19.87],[82.02,19.9],[82.31,19.93],[82.37,19.95],[82.88,20.42],[83.13,20.58],[83.51,20.71],[83.71,20.74],[84.43,20.68],[84.52,20.65],[85.19,20.2],[85.24,20.14],[85.23,20.08],[85.19,20],[84.76,19.58],[84.6,19.2],[84.16,18.63],[83.13,17.71],[82.82,17.53],[82.46,17.42],[81.39,17.35],[81.2,17.3],[81.03,17.21],[80.73,16.95],[79.84,15.91],[79.75,15.74],[79.64,15.08],[79.64,14.76],[79.6,14.66],[79.48,14.45],[79.47,14.41],[79.46,14.32],[79.48,14.26],[79.51,14.21],[79.71,14.03],[79.75,13.97],[79.85,13.62],[79.86,13.43],[79.86,13.34],[79.57,12.53],[79.55,12.35],[79.51,12.23],[79.18,11.8],[79.16,11.77],[79.15,11.74],[79.15,11.72],[79.02,11.5],[78.99,11.46],[78.96,11.43],[78.94,11.41],[78.7,11.33]]]}},{"type":"Feature","properties":{"name":"Vindhya Range"},"geometry":{"type":"Polygon","coordinates":[[[76.88,22.71],[75.91,22.22],[75.75,22.2],[75.4,22.25],[75.29,22.25],[73.9,21.85],[73.77,21.85],[73.72,21.87],[73.64,21.93],[73.59,22.02],[73.55,22.15],[73.53,22.28],[73.54,22.42],[73.56,22.54],[73.61,22.63],[73.69,22.68],[73.72,22.7],[73.82,22.72],[74.41,22.64],[74.52,22.66],[74.62,22.7],[74.63,22.72],[74.72,22.82],[74.77,22.86],[76.08,23.19],[78.4,24.49],[78.64,24.54],[78.95,24.54],[79.25,24.48],[79.39,24.41],[79.51,24.33],[79.61,24.21],[79.67,24.08],[79.68,23.94],[79.66,23.79],[79.61,23.65],[79.53,23.51],[79.43,23.4],[79.32,23.31],[79.19,23.26],[78.29,23.2],[78.24,23.18],[78.2,23.15],[78.04,23],[77.93,22.92],[77.79,22.86],[76.88,22.71]]]}},{"type":"Feature","properties":{"name":"Wuyi Mts."},"geometry":{"type":"Polygon","coordinates":[[[116.91,25.37],[116.86,25.36],[116.8,25.36],[116.31,25.55],[116.16,25.65],[116.01,25.78],[115.9,25.91],[115.78,26.21],[115.77,26.26],[115.77,26.31],[115.91,26.92],[116.13,27.44],[116.35,27.8],[116.38,27.83],[117.16,28.4],[117.24,28.44],[117.46,28.47],[117.58,28.46],[118.24,28.29],[118.28,28.26],[118.33,28.19],[118.33,28.09],[118.03,26.64],[118.03,26.51],[117.87,25.82],[117.74,25.63],[117.67,25.56],[117.58,25.51],[116.91,25.37]]]}},{"type":"Feature","properties":{"name":"Tarbagatay Ra."},"geometry":{"type":"Polygon","coordinates":[[[85.74,47.2],[85.77,47.14],[85.78,47.08],[85.78,47.03],[85.69,46.79],[85.64,46.7],[85.55,46.61],[85.31,46.48],[85.04,46.4],[84.3,46.35],[84.04,46.38],[83.99,46.4],[83.96,46.41],[83.89,46.48],[83.88,46.54],[83.9,46.59],[84.1,46.78],[84.1,46.82],[84.06,46.85],[83.55,46.99],[83.26,47],[83.13,46.98],[82.99,46.91],[82.93,46.9],[82.51,46.91],[82.4,46.93],[82.08,47.08],[82.02,47.12],[81.98,47.16],[81.72,47.13],[81.39,47.14],[81.29,47.17],[81.18,47.2],[80.49,47.21],[80.27,47.24],[80.11,47.32],[79.52,47.6],[79.27,47.79],[79.06,48.06],[79.03,48.14],[79.02,48.22],[79.03,48.29],[79.05,48.35],[79.33,48.75],[79.37,48.79],[79.43,48.82],[79.49,48.84],[81.16,48.71],[81.81,48.56],[82.76,48.11],[83.86,47.58],[85.48,47.42],[85.56,47.39],[85.64,47.34],[85.7,47.27],[85.74,47.2]]]}},{"type":"Feature","properties":{"name":"ALTUN MTS."},"geometry":{"type":"Polygon","coordinates":[[[94.05,38.88],[94,38.55],[94,38.47],[94.02,38.4],[93.54,38.4],[93.4,38.44],[92.81,38.71],[92.63,38.76],[91.28,38.67],[91.22,38.64],[91.21,38.61],[91.24,38.57],[91.3,38.52],[91.74,38.33],[91.8,38.29],[91.84,38.23],[91.85,38.22],[91.88,38.17],[91.91,38.09],[91.92,37.96],[91.92,37.91],[91.91,37.82],[91.87,37.76],[91.81,37.72],[91.74,37.7],[91.66,37.69],[91.13,37.75],[90.62,37.72],[90.41,37.75],[90.36,37.75],[90.31,37.74],[90.05,37.63],[89.51,37.53],[89.42,37.51],[89.22,37.53],[89.06,37.54],[88.98,37.55],[88.98,37.59],[87.59,37.5],[86.87,37.63],[86.64,37.73],[86.51,37.82],[86.47,37.92],[86.51,38.02],[86.6,38.12],[86.87,38.28],[87.17,38.39],[87.91,38.64],[89.26,39.11],[89.47,39.18],[89.93,39.21],[93.84,39.52],[93.83,39.29],[93.84,39.24],[93.86,39.19],[94.01,39],[94.04,38.94],[94.05,38.88]]]}},{"type":"Feature","properties":{"name":"HEJAZ MTS."},"geometry":{"type":"Polygon","coordinates":[[[39.92,22.76],[39.76,22.61],[39.55,22.62],[39.32,22.81],[39.13,23.09],[38.97,23.39],[38.81,23.64],[38.57,23.92],[37.79,24.71],[37.56,24.98],[36.98,25.87],[36.77,26.15],[36,27.05],[35.92,27.17],[35.85,27.3],[35.57,27.97],[35.48,28.23],[35.42,28.5],[35.49,28.77],[35.73,28.87],[36.03,28.87],[36.29,28.83],[36.44,28.79],[36.58,28.74],[36.71,28.66],[36.81,28.55],[36.89,28.39],[37.05,28.08],[37.14,27.92],[37.27,27.77],[37.42,27.65],[37.59,27.53],[37.75,27.4],[37.97,27.15],[38.17,26.88],[38.35,26.6],[38.88,25.64],[39.26,25.04],[39.49,24.63],[39.57,24.47],[39.93,23.6],[39.98,23.41],[40.02,23.23],[40,22.99],[39.92,22.76]]]}},{"type":"Feature","properties":{"name":"ASIR MTS."},"geometry":{"type":"Polygon","coordinates":[[[43.86,16.53],[43.74,16.36],[43.59,16.41],[43.44,16.58],[43.34,16.75],[43.34,16.76],[43.2,17.04],[43.04,17.31],[41.98,18.92],[41.58,19.38],[41.47,19.54],[41.32,19.84],[41.14,20.3],[41.07,20.46],[40.91,20.75],[40.8,20.91],[40.69,21.07],[40.66,21.24],[40.74,21.41],[40.93,21.52],[41.16,21.54],[41.4,21.48],[41.6,21.39],[41.72,21.3],[42.03,21.02],[42.22,20.86],[42.38,20.71],[42.52,20.53],[42.65,20.32],[43.01,19.61],[43.15,19.25],[43.32,18.96],[43.37,18.84],[43.41,18.72],[43.52,18.2],[43.82,17.25],[43.87,17],[43.89,16.76],[43.86,16.53]]]}},{"type":"Feature","properties":{"name":"ELBURZ MTS."},"geometry":{"type":"Polygon","coordinates":[[[52.01,36.57],[52.67,36.62],[52.82,36.65],[52.97,36.69],[53.25,36.81],[53.42,36.86],[53.59,36.87],[53.73,36.86],[53.68,36.85],[53.77,36.82],[53.91,36.81],[53.97,36.82],[54.02,36.85],[54.02,36.85],[54.14,36.86],[54.74,36.95],[54.93,36.96],[55.07,36.91],[55.14,36.8],[55.15,36.6],[55.1,36.45],[55.02,36.36],[54.9,36.31],[54.11,36.04],[53.89,35.97],[53.65,35.92],[53.55,35.88],[53.45,35.82],[53.33,35.7],[53.21,35.57],[53.09,35.46],[52.94,35.39],[52.84,35.38],[52.72,35.38],[52.59,35.38],[52.49,35.39],[52.36,35.44],[52.11,35.58],[51.98,35.63],[51.56,35.73],[51.44,35.78],[51.33,35.85],[51.14,36],[51.03,36.06],[50.89,36.11],[50.42,36.26],[50.05,36.42],[49.33,36.79],[48.96,36.94],[48.6,37.04],[48.39,37.12],[48.23,37.25],[48.18,37.43],[48.28,37.63],[48.31,37.67],[48.45,37.79],[48.58,37.85],[48.73,37.85],[48.89,37.77],[49.34,37.47],[49.5,37.39],[49.67,37.32],[50,37.23],[50.76,36.85],[51.37,36.65],[52.01,36.57]]]}},{"type":"Feature","properties":{"name":"KJØLEN MOUNTAINS"},"geometry":{"type":"Polygon","coordinates":[[[7.27,58.52],[6.36,58.63],[6.11,58.87],[6.14,58.87],[6.21,58.94],[6.36,59],[6.32,59.02],[6.1,58.95],[6.02,58.99],[5.93,59.04],[5.9,59.07],[5.89,59.1],[5.95,59.14],[5.97,59.19],[5.94,59.23],[5.95,59.3],[6.05,59.37],[6.2,59.44],[6.31,59.51],[6.42,59.55],[6.4,59.56],[6.28,59.53],[6.16,59.49],[6.02,59.41],[5.85,59.35],[5.82,59.35],[5.73,59.67],[5.77,59.66],[5.87,59.73],[5.99,59.74],[6.22,59.82],[6.21,59.83],[6.06,59.82],[5.97,59.81],[5.83,59.79],[5.76,59.81],[5.73,59.86],[5.78,59.91],[6,60.03],[6.07,60.08],[6.11,60.13],[6.11,60.17],[6.14,60.23],[6.35,60.35],[6.52,60.41],[6.57,60.36],[6.53,60.21],[6.53,60.15],[6.66,60.37],[6.72,60.42],[6.79,60.45],[6.95,60.48],[7,60.51],[6.81,60.5],[6.35,60.42],[6.15,60.35],[6.1,60.29],[5.97,60.21],[5.9,60.15],[5.88,60.07],[5.8,60.03],[5.7,60.01],[5.67,59.99],[5.66,60.11],[5.69,60.12],[5.66,60.15],[5.65,60.15],[5.59,60.64],[5.59,60.65],[5.65,60.69],[5.59,60.69],[5.61,61.07],[5.98,61.12],[6.29,61.08],[6.42,61.08],[6.61,61.14],[6.78,61.14],[6.9,61.1],[6.97,61.06],[6.98,60.99],[7.04,60.95],[7.08,60.97],[7.05,61.02],[7.04,61.09],[7.55,61.18],[7.6,61.21],[7.4,61.22],[7.35,61.3],[7.45,61.42],[7.44,61.43],[7.33,61.37],[7.28,61.28],[7.3,61.21],[7.28,61.18],[7.17,61.17],[6.94,61.16],[6.79,61.19],[6.66,61.21],[6.61,61.23],[6.63,61.28],[6.6,61.29],[6.54,61.24],[6.49,61.15],[6.38,61.13],[6.08,61.17],[5.65,61.15],[5.61,61.14],[5.63,61.4],[5.98,61.79],[6.02,61.79],[6.47,61.81],[6.73,61.87],[6.68,61.89],[6.4,61.85],[6.13,61.85],[6.04,61.87],[6.05,61.88],[7.58,62.55],[7.65,62.56],[7.69,62.59],[7.67,62.59],[7.99,62.73],[8.1,62.73],[8.06,62.76],[8.43,62.92],[8.62,62.85],[8.61,62.88],[8.49,62.95],[9.57,63.42],[9.8,63.55],[9.83,63.52],[9.89,63.49],[9.94,63.48],[9.98,63.4],[10.02,63.39],[10.08,63.43],[10.19,63.45],[10.34,63.47],[10.59,63.45],[10.7,63.46],[10.76,63.46],[10.71,63.54],[10.67,63.56],[10.73,63.63],[10.78,63.65],[10.95,63.7],[11.12,63.72],[11.23,63.76],[11.37,63.8],[11.35,63.84],[11.31,63.88],[11.21,63.88],[11.18,63.9],[11.29,63.95],[11.46,64],[11.43,64.02],[11.31,64.05],[11.21,64.03],[11.08,63.99],[10.91,63.92],[10.97,63.9],[11.05,63.85],[10.93,63.77],[10.34,63.57],[10.06,63.51],[9.92,63.52],[9.89,63.58],[9.87,63.59],[10.52,63.96],[12.08,65.16],[12.16,65.18],[12.23,65.15],[12.31,65.09],[12.51,65.1],[12.74,65.21],[12.92,65.34],[12.82,65.32],[12.72,65.27],[12.51,65.2],[12.42,65.18],[12.36,65.19],[12.33,65.24],[12.26,65.26],[12.2,65.25],[12.25,65.28],[13.01,65.95],[13.03,65.96],[13.03,65.96],[13.25,66.16],[13.39,66.18],[13.67,66.18],[13.76,66.22],[13.92,66.25],[14.03,66.3],[13.97,66.32],[13.68,66.27],[13.5,66.25],[13.42,66.25],[13.35,66.24],[13.34,66.24],[14.11,66.91],[14.42,67.15],[14.47,67.14],[14.6,67.17],[14.78,67.19],[15.42,67.2],[15.43,67.25],[15.3,67.26],[14.82,67.27],[14.58,67.27],[14.99,67.57],[15.12,67.56],[15.29,67.48],[15.41,67.47],[15.47,67.45],[15.55,67.35],[15.59,67.35],[15.58,67.44],[15.69,67.52],[15.66,67.54],[15.49,67.51],[15.35,67.54],[15.25,67.6],[15.22,67.66],[15.28,67.71],[15.35,67.73],[15.32,67.76],[16.08,68.15],[16.12,68.03],[16.26,67.89],[16.31,67.88],[16.26,68],[16.31,68.04],[16.37,68.06],[16.39,68.09],[16.32,68.1],[16.26,68.14],[16.21,68.22],[16.34,68.28],[16.65,68.4],[16.86,68.36],[16.95,68.35],[17.09,68.37],[17.34,68.41],[17.48,68.43],[17.55,68.43],[17.57,68.45],[17.5,68.46],[17.48,68.47],[17.43,68.48],[17.2,68.46],[16.82,68.46],[17.85,68.86],[19.64,69.43],[19.64,69.42],[19.65,69.43],[20.34,69.65],[20.34,69.62],[20.28,69.54],[20.04,69.36],[20.05,69.33],[20.11,69.34],[20.2,69.37],[20.49,69.54],[20.74,69.52],[20.74,69.53],[20.66,69.58],[20.56,69.63],[20.53,69.69],[20.53,69.71],[20.78,69.79],[21.56,69.95],[21.59,69.94],[21.78,69.89],[21.93,69.81],[21.97,69.83],[21.89,70],[21.88,70.01],[22.86,70.06],[23.15,70.05],[23.18,70.03],[23.26,69.99],[23.35,69.98],[23.4,70.02],[23.37,70.03],[23.85,70],[24.45,69.87],[24.28,69.7],[21.13,68.75],[21.03,68.71],[19.65,68.14],[18.15,67.32],[17.2,66.63],[16.82,66.37],[12.88,63],[11.72,62.13],[10.11,61.09],[9.43,60.71],[9.38,60.69],[8.79,60.19],[8.13,59.32],[7.74,58.81],[7.27,58.52]]]}},{"type":"Feature","properties":{"name":"CARPATHIAN MOUNTAINS"},"geometry":{"type":"Polygon","coordinates":[[[20.75,49.94],[20.99,49.94],[21.7,49.99],[22.18,49.94],[22.57,49.84],[22.96,49.68],[23.69,49.29],[24.43,48.81],[24.82,48.6],[25.23,48.47],[25.39,48.44],[25.54,48.38],[25.84,48.25],[26.03,48.14],[26.21,48.01],[26.37,47.85],[26.53,47.67],[26.73,47.4],[26.91,47.11],[27.05,46.8],[27.16,46.48],[27.2,46.1],[27.15,45.75],[26.99,45.44],[26.7,45.22],[26.58,45.18],[26.36,45.1],[26.01,45.04],[25.65,45.03],[25.47,45.03],[25.05,45.03],[23.88,44.86],[23.67,44.82],[23.43,44.75],[23.09,44.65],[22.74,44.6],[22.73,44.6],[22.37,44.62],[22.28,44.64],[22,44.69],[21.93,44.73],[21.77,44.82],[21.72,44.85],[21.6,45.08],[21.58,45.32],[21.58,45.38],[21.59,45.71],[21.64,46.04],[21.75,46.4],[22,46.99],[22.13,47.21],[22.35,47.41],[22.64,47.57],[23.19,47.77],[23.31,47.87],[23.36,47.99],[23.35,48.15],[23.25,48.32],[23.01,48.5],[22.67,48.63],[22.28,48.71],[21.97,48.71],[21.78,48.64],[21.46,48.35],[21.25,48.23],[21.02,48.15],[20.79,48.1],[20.57,48.07],[20.55,48.07],[20.54,48.07],[20.2,47.99],[20.11,47.97],[20.09,47.97],[20.08,47.97],[19.85,47.95],[19.64,48],[19.39,48.15],[19.27,48.21],[19.13,48.25],[18.6,48.33],[18.35,48.39],[18.11,48.51],[17.73,48.76],[17.55,48.93],[17.48,49.12],[17.59,49.55],[17.87,49.79],[18.28,49.92],[18.52,49.97],[18.79,50.02],[19.31,50.07],[19.77,50.05],[20.61,49.94],[20.75,49.94]]]}},{"type":"Feature","properties":{"name":"APPENNINI"},"geometry":{"type":"Polygon","coordinates":[[[16.03,39.91],[15.98,39.9],[15.94,39.91],[15.9,39.92],[15.76,40.01],[15.74,40.02],[15.53,40.19],[15.4,40.27],[15.37,40.3],[15.04,40.69],[14.86,40.87],[14.66,41.01],[14.45,41.12],[14.19,41.22],[13.93,41.3],[13.51,41.39],[13.31,41.49],[13.11,41.65],[12.92,41.85],[12.84,41.95],[12.77,42.07],[12.71,42.2],[12.66,42.32],[12.62,42.46],[12.56,42.74],[12.51,42.88],[12.49,42.91],[12.23,43.21],[12.12,43.36],[12.06,43.43],[11.98,43.49],[11.41,43.82],[11.2,43.92],[10.98,43.99],[10.39,44.06],[9.99,44.17],[9.52,44.34],[9.34,44.4],[9.14,44.51],[9.01,44.66],[8.99,44.69],[8.94,44.81],[8.96,44.94],[9.19,45.07],[9.51,45.02],[12.33,44.03],[12.86,43.75],[13.24,43.42],[13.5,43.07],[13.66,42.69],[13.84,42.37],[14.11,42.15],[14.42,41.98],[14.72,41.86],[15.04,41.66],[15.42,41.33],[15.79,40.97],[16.06,40.64],[16.11,40.57],[16.16,40.51],[16.19,40.44],[16.2,40.36],[16.2,40.27],[16.19,40.19],[16.17,40.11],[16.15,40.05],[16.14,40.03],[16.11,39.98],[16.08,39.94],[16.03,39.91]]]}},{"type":"Feature","properties":{"name":"PYRENEES"},"geometry":{"type":"Polygon","coordinates":[[[-0.01,43.31],[2.01,42.96],[2.33,42.87],[2.62,42.85],[2.85,42.79],[3.02,42.67],[3.13,42.5],[3.15,42.27],[3.15,42.23],[3.16,42.21],[3.15,42.16],[3.18,42.14],[3.18,42.13],[3.18,42.13],[3.17,42.06],[3.14,42.01],[3.08,41.97],[3.01,41.96],[2.87,41.96],[1.31,42.14],[1.08,42.19],[0.86,42.27],[0.45,42.37],[-1.16,42.63],[-1.35,42.69],[-1.54,42.77],[-1.73,42.86],[-1.9,42.96],[-1.95,42.98],[-2.06,43.06],[-2.14,43.12],[-2.23,43.21],[-2.26,43.24],[-2.28,43.27],[-2.28,43.28],[-2.29,43.31],[-2.29,43.32],[-2.28,43.32],[-2.28,43.33],[-2.28,43.33],[-2.2,43.32],[-1.99,43.35],[-1.83,43.4],[-1.79,43.41],[-1.63,43.44],[-1.61,43.45],[-1.59,43.46],[-1.48,43.47],[-1.39,43.47],[-1.13,43.41],[-0.01,43.31]]]}},{"type":"Feature","properties":{"name":"Sierra Madre del Sur"},"geometry":{"type":"Polygon","coordinates":[[[-103.03,20.21],[-102.73,20.21],[-102.72,20.21],[-102.49,20.3],[-102.36,20.35],[-102.32,20.37],[-102.08,20.4],[-101.91,20.36],[-101.84,20.21],[-101.69,20.22],[-101.67,20.22],[-101.45,20.35],[-101.45,20.35],[-101.44,20.36],[-101.36,20.49],[-101.27,20.56],[-101.21,20.59],[-101.04,20.48],[-100.98,20.31],[-100.77,20.11],[-100.64,20.07],[-100.45,19.92],[-100.3,19.95],[-100.25,19.96],[-100.08,20.06],[-99.94,19.88],[-99.83,19.68],[-99.7,19.51],[-99.5,19.38],[-99.24,19.23],[-98.91,19.13],[-98.72,18.98],[-98.63,19.01],[-98.33,19.03],[-98.1,18.98],[-97.8,19.05],[-97.54,19.17],[-97.32,19.31],[-97.2,19.49],[-97.13,19.74],[-97.01,20.11],[-96.74,20.22],[-96.71,20.19],[-96.46,19.87],[-96.41,19.7],[-96.58,19.58],[-96.71,19.4],[-96.78,19.21],[-96.81,18.91],[-96.79,18.56],[-96.53,18.19],[-96.14,17.94],[-95.75,17.54],[-95.35,17.38],[-95.08,17.44],[-95.08,17.07],[-95.08,17.06],[-95.2,16.16],[-95.28,16.09],[-95.45,15.99],[-95.7,15.92],[-96,15.8],[-96.25,15.69],[-96.26,15.69],[-96.58,15.69],[-96.81,15.75],[-97.17,15.93],[-97.69,15.98],[-97.96,16.17],[-98.48,16.32],[-98.74,16.57],[-98.98,16.61],[-99.65,16.73],[-99.84,16.89],[-100.15,16.97],[-100.54,17.13],[-100.92,17.27],[-101.11,17.41],[-101.4,17.55],[-101.59,17.73],[-101.84,17.95],[-102.08,18.03],[-102.14,17.96],[-102.22,17.96],[-102.55,18.04],[-102.59,18.05],[-102.85,18.14],[-103.28,18.29],[-103.46,18.37],[-103.65,18.63],[-103.78,18.8],[-104.01,18.96],[-104.3,19.04],[-104.4,19.09],[-104.41,19.09],[-104.41,19.09],[-104.74,19.24],[-104.99,19.43],[-105.08,19.6],[-105.3,19.77],[-105.43,19.97],[-105.52,20.22],[-105.59,20.4],[-105.55,20.5],[-105.54,20.5],[-105.38,20.51],[-105.28,20.57],[-105.27,20.57],[-105.27,20.57],[-105.26,20.58],[-105.25,20.62],[-105.22,20.69],[-105.13,20.86],[-104.96,20.93],[-104.84,20.97],[-104.67,20.91],[-104.52,20.86],[-104.3,20.76],[-103.97,20.62],[-103.65,20.39],[-103.32,20.3],[-103.07,20.22],[-103.03,20.21]]]}},{"type":"Feature","properties":{"name":"COAST RANGES"},"geometry":{"type":"MultiPolygon","coordinates":[[[[-124.15,48.23],[-124.1,48.2],[-123.98,48.17],[-123.79,48.16],[-123.79,48.15],[-123.78,48.15],[-123.29,48.12],[-123.25,48.12],[-123.2,48.14],[-123.05,48.1],[-123.02,48.08],[-122.97,48.07],[-122.96,48.07],[-122.87,48.05],[-122.86,47.75],[-123.05,47.55],[-123.13,47.44],[-123.14,47.39],[-123.14,47.36],[-123.1,47.35],[-123.03,47.36],[-122.92,47.41],[-122.92,47.42],[-123.02,47.4],[-123.07,47.4],[-123.06,47.45],[-123.05,47.48],[-122.98,47.56],[-122.91,47.61],[-122.88,47.63],[-122.91,47.4],[-122.88,47.31],[-122.92,47.29],[-122.96,47.24],[-122.99,47.17],[-123.03,47.14],[-122.91,47.13],[-122.83,47.14],[-122.83,47.14],[-122.76,46.66],[-122.72,46.39],[-122.64,45.88],[-122.64,45.72],[-122.64,45.46],[-122.97,45.24],[-123.06,44.68],[-123.21,44.4],[-123.23,43.76],[-123.33,43.23],[-123.23,42.84],[-122.86,42.31],[-122.38,41.54],[-122.38,41.42],[-122.38,41.09],[-122.38,41.05],[-122.51,40.74],[-122.69,40.59],[-122.73,40.55],[-122.75,40.54],[-122.74,40.46],[-122.74,40.33],[-122.72,40.06],[-122.61,39.79],[-122.42,39.28],[-122.06,38.84],[-122.01,38.42],[-122,38.31],[-121.99,38.12],[-121.99,38.12],[-122.03,38.12],[-122.15,38.07],[-122.21,38.07],[-122.34,38.14],[-122.39,38.14],[-122.48,38.11],[-122.49,37.95],[-122.47,37.84],[-122.51,37.83],[-122.57,37.86],[-122.58,37.87],[-122.59,37.88],[-122.65,37.91],[-122.94,38.07],[-122.97,38.17],[-122.98,38.23],[-122.88,38.12],[-122.91,38.2],[-122.99,38.28],[-123.01,38.29],[-123.04,38.39],[-123.35,38.63],[-123.67,39],[-123.73,39.14],[-123.79,39.29],[-123.79,39.48],[-123.78,39.51],[-123.78,39.62],[-123.83,39.78],[-123.88,39.86],[-123.9,39.87],[-123.93,39.95],[-124.1,40.09],[-124.11,40.09],[-124.13,40.11],[-124.33,40.27],[-124.33,40.29],[-124.37,40.47],[-124.37,40.49],[-124.34,40.57],[-124.25,40.7],[-124.22,40.7],[-124.21,40.75],[-124.19,40.77],[-124.2,40.77],[-124.15,40.85],[-124.11,41.11],[-124.07,41.37],[-124.06,41.43],[-124.07,41.47],[-124.12,41.62],[-124.16,41.72],[-124.17,41.73],[-124.18,41.75],[-124.19,41.76],[-124.21,41.84],[-124.22,41.87],[-124.21,41.89],[-124.21,41.98],[-124.27,42.04],[-124.28,42.07],[-124.39,42.45],[-124.41,42.51],[-124.41,42.58],[-124.44,42.67],[-124.48,42.72],[-124.48,42.73],[-124.42,43.13],[-124.35,43.34],[-124.32,43.37],[-124.28,43.37],[-124.2,43.42],[-124.23,43.44],[-124.29,43.41],[-124.24,43.54],[-124.18,43.65],[-124.15,43.69],[-124.13,44.06],[-124.1,44.3],[-124.1,44.32],[-124.09,44.34],[-124.05,44.43],[-124.06,44.51],[-123.94,45.19],[-123.91,45.69],[-123.96,45.92],[-123.95,46.14],[-123.98,46.18],[-123.99,46.22],[-123.96,46.23],[-123.91,46.18],[-123.67,46.18],[-123.52,46.22],[-123.47,46.21],[-123.4,46.15],[-123.32,46.14],[-123.22,46.15],[-123.25,46.17],[-123.3,46.17],[-123.4,46.22],[-123.46,46.27],[-123.65,46.27],[-123.69,46.3],[-123.9,46.27],[-123.96,46.3],[-124.03,46.29],[-124.05,46.36],[-124.05,46.37],[-124.05,46.37],[-124.05,46.49],[-124.04,46.61],[-124.02,46.52],[-123.95,46.43],[-123.91,46.53],[-123.89,46.66],[-123.96,46.71],[-124.07,46.74],[-124.11,46.86],[-123.84,46.96],[-123.99,46.98],[-124.04,47.03],[-124.11,47.04],[-124.12,47],[-124.14,46.95],[-124.16,47.02],[-124.17,47.09],[-124.2,47.21],[-124.22,47.24],[-124.22,47.27],[-124.36,47.6],[-124.38,47.66],[-124.4,47.69],[-124.4,47.7],[-124.41,47.71],[-124.46,47.78],[-124.52,47.83],[-124.67,47.98],[-124.67,48.02],[-124.68,48.25],[-124.67,48.32],[-124.31,48.26],[-124.15,48.23]]],[[[-122.85,47.21],[-122.85,47.2],[-122.86,47.19],[-122.88,47.19],[-122.91,47.23],[-122.91,47.25],[-122.89,47.27],[-122.86,47.23],[-122.85,47.21]]],[[[-121.78,38.01],[-121.78,38.01],[-121.53,37.9],[-121.52,37.9],[-121.3,37.64],[-121.24,37.57],[-121.24,37.57],[-121,37.26],[-120.93,37.16],[-120.81,37.04],[-120.81,37.04],[-120.64,36.89],[-120.39,36.54],[-120.38,36.52],[-120.24,36.22],[-119.9,35.78],[-119.89,35.77],[-119.6,35.36],[-119.13,35.07],[-119.41,34.92],[-119.86,34.79],[-120.27,34.78],[-120.61,34.71],[-120.64,35.05],[-120.63,35.08],[-120.64,35.09],[-120.65,35.14],[-120.87,35.27],[-120.88,35.29],[-120.86,35.37],[-120.9,35.43],[-121.02,35.48],[-121.03,35.49],[-121.08,35.56],[-121.34,35.78],[-121.34,35.79],[-121.38,35.82],[-121.59,36.12],[-121.72,36.2],[-121.87,36.32],[-121.91,36.45],[-121.92,36.57],[-121.89,36.6],[-121.81,36.65],[-121.81,36.7],[-121.79,36.73],[-121.79,36.8],[-121.81,36.85],[-121.82,36.86],[-121.82,36.95],[-121.99,36.96],[-122.08,36.98],[-122.32,37.14],[-122.36,37.18],[-122.4,37.27],[-122.41,37.37],[-122.49,37.52],[-122.47,37.79],[-122.45,37.8],[-122.38,37.79],[-122.39,37.74],[-122.37,37.66],[-122.3,37.59],[-122.23,37.56],[-122.17,37.5],[-122.12,37.48],[-122.07,37.48],[-122.1,37.52],[-122.12,37.54],[-122.16,37.63],[-122.22,37.73],[-122.3,37.79],[-122.33,37.9],[-122.37,37.92],[-122.39,37.96],[-122.31,38.01],[-122.22,38.04],[-122.09,38.05],[-121.87,38.04],[-121.78,38.01]]]]}},{"type":"Feature","properties":{"name":"SIERRA MADRE ORIENTAL"},"geometry":{"type":"Polygon","coordinates":[[[-98.14,20.2],[-98.59,20.16],[-99.1,20.37],[-99.49,20.67],[-99.81,21.22],[-99.91,21.81],[-100.07,22.51],[-100.1,23.24],[-100.57,23.9],[-100.68,24.4],[-101.33,24.89],[-102.25,25.17],[-102.5,25.47],[-102.77,25.78],[-103.28,26.3],[-103.41,26.7],[-103.38,27.36],[-103.22,27.89],[-103.2,28.42],[-103.19,28.99],[-103.1,29.09],[-102.89,29.32],[-102.7,29.71],[-102.68,29.72],[-102.38,29.85],[-101.89,29.8],[-101.85,29.8],[-101.33,29.73],[-101.32,29.65],[-101.21,29.03],[-101.21,28.98],[-101.24,28.5],[-101.16,27.94],[-100.92,27.46],[-100.61,27.06],[-100.49,26.91],[-100.37,26.75],[-99.81,25.67],[-99.28,24.74],[-98.91,23.58],[-98.66,22.29],[-98.57,21.67],[-98.26,21.21],[-97.77,20.93],[-97.95,20.54],[-98.14,20.2]]]}},{"type":"Feature","properties":{"name":"SIERRA NEVADA"},"geometry":{"type":"Polygon","coordinates":[[[-118.2,35.11],[-118.6,34.87],[-118.73,34.89],[-118.84,34.99],[-118.87,35.15],[-118.87,35.35],[-118.8,35.75],[-118.85,36.1],[-119.12,36.44],[-119.42,36.83],[-119.85,37.05],[-120.27,37.51],[-120.29,37.52],[-120.39,37.62],[-120.64,37.85],[-120.87,38.11],[-121.07,38.52],[-121.23,38.89],[-121.29,39.01],[-121.46,39.3],[-121.6,39.6],[-121.6,39.6],[-121.79,39.93],[-121.77,40.11],[-121.56,40.27],[-121.08,40.4],[-120.95,40.59],[-120.71,40.27],[-120.47,39.93],[-120.18,39.5],[-119.94,39.09],[-118.89,38.02],[-118.15,36.83],[-117.88,35.93],[-117.93,35.48],[-118.2,35.11]]]}},{"type":"Feature","properties":{"name":"SIERRA MADRE OCCIDENTAL"},"geometry":{"type":"Polygon","coordinates":[[[-104.26,20.89],[-104.67,20.91],[-104.96,20.93],[-104.96,20.93],[-105.38,20.77],[-105.42,20.78],[-105.48,20.78],[-105.5,20.78],[-105.51,20.81],[-105.46,20.84],[-105.39,20.93],[-105.3,21.03],[-105.24,21.12],[-105.22,21.25],[-105.23,21.38],[-105.21,21.49],[-105.23,21.5],[-105.22,21.52],[-105.18,22.01],[-105.57,22.74],[-106.27,23.31],[-106.87,24.1],[-107.24,24.77],[-107.81,25.34],[-108.38,25.93],[-108.96,26.47],[-109.57,27.25],[-109.92,27.96],[-110.34,28.87],[-110.43,29.02],[-110.71,29.48],[-110.76,30.22],[-110.76,30.69],[-110.75,30.72],[-110.58,31.14],[-110.2,31.14],[-109.76,31.14],[-108.78,31.09],[-108.14,30.43],[-108.02,30.12],[-107.72,29.37],[-107.77,28.95],[-107.23,28.01],[-106.78,27.36],[-106.44,27.07],[-106.4,27.04],[-105.98,26.67],[-105.55,26.01],[-105.35,25.59],[-105.34,25.56],[-105.31,25.51],[-104.82,24.71],[-104.33,23.93],[-103.46,23.44],[-103.2,22.94],[-102.61,22.83],[-102.22,22.38],[-102.3,21.88],[-102.69,21.38],[-103.05,21.05],[-103.42,21.05],[-103.84,20.99],[-104.26,20.89]]]}},{"type":"Feature","properties":{"name":"CHUGACH MTS."},"geometry":{"type":"MultiPolygon","coordinates":[[[[-144.46,61.65],[-143.7,61.41],[-143.39,61.36],[-142.91,61.28],[-142.51,61.2],[-142.14,61.2],[-141.51,61.07],[-141.11,60.96],[-141,60.93],[-141,60.93],[-140.69,60.75],[-140.87,60.43],[-141,60.33],[-141.17,60.18],[-141.34,60.09],[-141.36,60.11],[-141.41,60.12],[-141.42,60.11],[-141.42,60.09],[-141.41,60.05],[-141.47,60.01],[-141.48,60.01],[-142.66,60.1],[-142.8,60.09],[-142.95,60.1],[-143.51,60.06],[-143.53,60.05],[-144.04,60.03],[-144.12,60.06],[-144.08,60.06],[-144.09,60.08],[-144.19,60.15],[-144.33,60.19],[-144.52,60.2],[-144.74,60.29],[-144.86,60.3],[-144.9,60.34],[-144.86,60.46],[-144.82,60.53],[-144.79,60.58],[-144.69,60.67],[-144.72,60.66],[-144.86,60.6],[-144.98,60.54],[-145.1,60.45],[-145.16,60.42],[-145.25,60.38],[-145.38,60.39],[-145.56,60.44],[-145.62,60.45],[-145.82,60.52],[-145.81,60.52],[-145.76,60.56],[-145.69,60.62],[-145.67,60.65],[-146.14,60.66],[-146.15,60.67],[-146.17,60.69],[-146.17,60.72],[-146.18,60.73],[-146.25,60.75],[-146.31,60.74],[-146.31,60.75],[-146.42,60.8],[-146.39,60.81],[-146.49,60.83],[-146.64,60.9],[-146.64,60.99],[-146.6,61.05],[-146.28,61.11],[-146.38,61.14],[-146.58,61.13],[-146.72,61.08],[-146.87,61.01],[-147.28,61.01],[-147.46,60.96],[-147.52,60.97],[-147.57,60.99],[-147.59,60.98],[-147.62,60.93],[-147.66,60.91],[-147.81,60.89],[-147.89,60.89],[-147.99,60.95],[-148.01,60.97],[-147.97,61.02],[-147.75,61.22],[-147.77,61.22],[-147.84,61.19],[-147.99,61.11],[-148.05,61.08],[-148.16,61.08],[-148.21,61.09],[-148.27,61.08],[-148.34,61.06],[-148.39,61.04],[-148.41,61.01],[-148.4,61.01],[-148.29,61.04],[-148.23,61.04],[-148.21,61.03],[-148.29,60.94],[-148.34,60.85],[-148.39,60.83],[-148.47,60.84],[-148.56,60.83],[-148.56,60.82],[-148.59,60.83],[-149.04,60.88],[-149.08,60.89],[-149.14,60.94],[-149.33,60.95],[-149.84,61.08],[-149.91,61.1],[-149.79,61.33],[-149.76,61.35],[-149.28,61.51],[-148.97,61.68],[-148.44,61.89],[-147.91,61.86],[-147.01,61.73],[-146.56,61.89],[-145.93,61.97],[-145.09,61.87],[-145,61.83],[-144.46,61.65]]],[[[-145.27,60.34],[-145.13,60.4],[-145.1,60.39],[-145.12,60.34],[-145.13,60.33],[-145.27,60.34]]],[[[-148.35,60.73],[-148.34,60.72],[-148.27,60.7],[-148.26,60.69],[-148.35,60.73]]],[[[-147.94,60.88],[-147.93,60.83],[-148.06,60.82],[-148.12,60.83],[-148.12,60.84],[-148.1,60.89],[-148.1,60.92],[-148.04,60.92],[-147.96,60.9],[-147.94,60.88]]]]}},{"type":"Feature","properties":{"name":"MACKENZIE MTS."},"geometry":{"type":"Polygon","coordinates":[[[-131.12,65.79],[-129.73,65.7],[-128.78,65.7],[-127.97,65.59],[-127.4,65.39],[-126.77,65.26],[-126.18,65.05],[-125.99,64.93],[-125.6,64.91],[-125.05,64.72],[-124.82,64.47],[-124.54,64.3],[-124.21,63.97],[-123.81,63.6],[-123.58,63.26],[-123.25,62.99],[-123.21,62.6],[-123.16,62.2],[-123.2,61.65],[-123.36,61.25],[-123.43,61.05],[-123.43,61.05],[-123.53,60.75],[-123.55,60.69],[-123.53,60.51],[-123.52,60.48],[-123.72,60.18],[-123.72,60.18],[-123.99,59.84],[-124.15,59.63],[-124.57,59.71],[-124.72,59.56],[-124.74,59.55],[-125.03,59.37],[-125.36,59.35],[-125.46,59.34],[-126.08,59.43],[-126.57,59.58],[-126.72,59.62],[-127.02,59.65],[-127.5,59.79],[-127.5,59.79],[-128.19,59.81],[-128.47,59.94],[-129.07,60.21],[-129.07,60.21],[-129.07,60.21],[-129.16,60.41],[-129.47,61.06],[-130.61,61.62],[-131.37,61.76],[-131.59,61.78],[-131.7,61.78],[-131.73,61.79],[-132.24,61.9],[-132.56,62.01],[-133.03,62.16],[-133.17,62.29],[-133.31,62.63],[-133.39,63.08],[-133.62,63.24],[-134.06,63.56],[-134.14,63.57],[-134.58,63.66],[-135.79,63.63],[-136.23,63.62],[-136.93,63.55],[-137.25,63.68],[-137.35,63.71],[-137.27,64.35],[-137.13,64.89],[-137.09,65.04],[-136.5,65.32],[-136.16,65.67],[-135.74,65.7],[-135.18,65.62],[-134.39,65.75],[-133.47,65.95],[-132.54,65.83],[-131.12,65.79]]]}},{"type":"Feature","properties":{"name":"CORDILLERA OCCIDENTAL"},"geometry":{"type":"Polygon","coordinates":[[[-68.57,-18.55],[-69.29,-18.77],[-69.47,-18.54],[-69.51,-18.5],[-69.87,-18.06],[-69.93,-18],[-70.62,-17.97],[-71.55,-16.97],[-72.24,-16.56],[-73.19,-16.09],[-74.25,-15.59],[-75.26,-14.55],[-76.45,-12.81],[-77.02,-11.75],[-77.85,-10.39],[-78.54,-8.77],[-78.26,-8.66],[-78.02,-8.79],[-77.87,-8.87],[-77.52,-9.68],[-77.36,-10.05],[-76.32,-11.57],[-75.65,-12.48],[-74.59,-13.51],[-72.79,-14.71],[-70.39,-16.35],[-70.36,-16.37],[-69.05,-17.64],[-68.57,-18.55]]]}},{"type":"Feature","properties":{"name":"CORDILLERA  REAL"},"geometry":{"type":"Polygon","coordinates":[[[-65.84,-21.98],[-66.13,-22.15],[-66.21,-22.07],[-66.33,-21.94],[-66.66,-21.59],[-66.58,-21.09],[-66.53,-20.75],[-66.58,-20.61],[-66.69,-20.3],[-66.67,-19.63],[-66.86,-18.61],[-66.86,-18.16],[-66.86,-17.82],[-67.06,-17.68],[-67.7,-17.25],[-67.52,-16.68],[-67.47,-16.68],[-67.34,-16.66],[-67.14,-16.63],[-67.05,-16.61],[-66.32,-17.27],[-65.98,-17.95],[-65.95,-18],[-65.91,-18.09],[-65.43,-19.3],[-65.43,-19.33],[-65.48,-21.78],[-65.84,-21.98]]]}},{"type":"Feature","properties":{"name":"CORDILLERA ORIENTAL"},"geometry":{"type":"Polygon","coordinates":[[[-75.64,-7.49],[-75.36,-9.04],[-75.32,-9.04],[-74.65,-8.94],[-74.63,-9],[-74.31,-9.95],[-74.02,-10.44],[-73.46,-11.43],[-73.42,-11.44],[-72.29,-11.78],[-72.2,-11.8],[-71.87,-11.9],[-71.59,-12.17],[-71.18,-12.57],[-71.18,-12.57],[-70.37,-12.92],[-69.33,-13.36],[-68.75,-13.57],[-68.02,-13.84],[-67.95,-13.86],[-67.91,-13.92],[-67,-14.95],[-66.65,-15.41],[-66.37,-15.79],[-65.44,-17.01],[-64.69,-17.21],[-63.59,-17.51],[-63.51,-17.75],[-63.42,-18.04],[-63.28,-18.44],[-63.13,-19.81],[-63.11,-19.95],[-63.12,-19.96],[-63.99,-22.81],[-64.91,-23.97],[-65.71,-24.55],[-65.71,-23.26],[-65.71,-23.02],[-65.41,-22.33],[-65.18,-21.8],[-65.39,-21.03],[-65.42,-19.34],[-65.43,-19.3],[-65.95,-18],[-65.97,-17.96],[-65.98,-17.95],[-66.95,-16.8],[-67.14,-16.63],[-67.69,-16.13],[-68.03,-15.82],[-68.5,-15.35],[-69.04,-14.79],[-69.48,-14.57],[-69.64,-14.49],[-69.67,-14.48],[-70.32,-14.16],[-70.44,-14.1],[-70.55,-14.08],[-71.79,-13.86],[-72.31,-13.68],[-73.09,-13.41],[-73.1,-13.4],[-73.4,-13.18],[-73.48,-13.12],[-73.93,-12.46],[-74.57,-11.48],[-75.06,-10.71],[-75.47,-10.27],[-75.58,-10.15],[-76.13,-9.07],[-76.76,-7.86],[-77.14,-6.24],[-77.85,-5.69],[-78.21,-5.36],[-78.22,-5.34],[-78.24,-5.3],[-78.5,-4.7],[-78.56,-4.56],[-78.59,-4.5],[-78.59,-4.37],[-78.59,-3.7],[-78.54,-3.58],[-78.3,-2.94],[-78.28,-2.83],[-78.15,-1.86],[-77.61,-1.3],[-77.82,-2.54],[-77.61,-3.46],[-77.43,-4.15],[-77.15,-5.19],[-76.74,-5.4],[-76.57,-5.58],[-75.76,-6.45],[-75.65,-7.41],[-75.64,-7.49]]]}},{"type":"Feature","properties":{"name":"CORD. CENTRAL"},"geometry":{"type":"Polygon","coordinates":[[[-76.76,-7.86],[-76.16,-8.89],[-75.47,-10.27],[-75.44,-10.32],[-75.06,-10.71],[-73.78,-12.62],[-73.4,-13.18],[-73.3,-13.33],[-73.1,-13.4],[-72.31,-13.68],[-71.5,-13.97],[-71.58,-15.45],[-74.52,-13.52],[-75.87,-12.17],[-76.98,-10.56],[-77.43,-9.84],[-77.52,-9.68],[-78.02,-8.79],[-78.14,-8.57],[-78.59,-8.65],[-79.75,-6.48],[-80.05,-4.52],[-79.62,-4.07],[-79.28,-3.8],[-78.83,-3.44],[-78.72,-3.4],[-78.71,-3.39],[-78.54,-3.33],[-78.54,-3.58],[-78.56,-4.49],[-78.56,-4.56],[-78.56,-4.73],[-78.43,-4.97],[-78.24,-5.3],[-78.21,-5.36],[-78.11,-5.53],[-76.76,-7.86]]]}},{"type":"Feature","properties":{"name":"CORD. OCCIDENTAL"},"geometry":{"type":"Polygon","coordinates":[[[-79.13,-2.23],[-79.26,-1.8],[-79.36,-1.47],[-79.17,-0.4],[-78.68,0.79],[-78.14,1.62],[-77.52,3.15],[-77.52,3.16],[-77.47,3.23],[-77.42,3.34],[-77.36,3.35],[-77.32,3.47],[-77.24,3.59],[-77.08,3.91],[-77.13,3.91],[-77.17,3.86],[-77.21,3.87],[-77.25,3.89],[-76.69,5.57],[-76.65,5.69],[-76.69,8.55],[-76.36,8.71],[-76.21,8.79],[-75.95,8.13],[-75.94,8.12],[-75.94,8.12],[-75.52,7.68],[-75.5,7.67],[-75.55,7.25],[-75.76,7.08],[-75.77,7.02],[-75.81,6.66],[-75.84,6.01],[-75.84,5.95],[-75.76,5.89],[-75.61,5.77],[-75.61,5.66],[-75.61,5.58],[-75.6,5.37],[-75.67,5.24],[-75.8,5.02],[-75.9,4.83],[-76.16,4.33],[-76.45,3.4],[-76.54,3.1],[-76.7,2.88],[-76.75,2.5],[-77.11,2.04],[-77.51,1.13],[-77.73,0.74],[-77.89,0.46],[-78.42,-0.18],[-78.43,-0.22],[-78.54,-0.66],[-78.63,-0.99],[-78.87,-1.93],[-79.13,-2.23]]]}},{"type":"Feature","properties":{"name":"CORD. CENTRAL"},"geometry":{"type":"Polygon","coordinates":[[[-78.72,-3.4],[-79.24,-3.92],[-79.28,-3.8],[-79.52,-3.15],[-79.47,-2.86],[-78.87,-1.93],[-78.54,-0.66],[-78.43,-0.22],[-78.43,-0.22],[-77.84,0.52],[-77.73,0.74],[-77.11,2.04],[-76.75,2.5],[-76.7,2.88],[-76.45,3.19],[-76.45,3.4],[-76.44,3.54],[-76.25,4.13],[-75.92,4.87],[-75.8,5.02],[-75.69,5.14],[-75.67,5.24],[-75.61,5.58],[-75.6,5.64],[-75.61,5.66],[-75.76,5.89],[-75.84,6.01],[-75.88,6.08],[-75.83,6.98],[-75.77,7.02],[-75.39,7.32],[-75.25,7.76],[-74.75,8],[-74.53,8.34],[-74.31,8.77],[-73.93,8.91],[-74.04,7.78],[-74.89,5.35],[-74.91,4.68],[-75.3,3.81],[-76.02,2.39],[-76.4,1.95],[-76.42,1.92],[-77.02,0.97],[-77.07,0.9],[-77.08,0.87],[-77.31,0.25],[-77.53,-0.62],[-78.15,-1.86],[-78.27,-2.81],[-78.28,-2.83],[-78.66,-3.34],[-78.71,-3.39],[-78.72,-3.4]]]}},{"type":"Feature","properties":{"name":"CORDILLERA ORIENTAL"},"geometry":{"type":"Polygon","coordinates":[[[-68.2,10.44],[-67.93,10.48],[-67.93,10.48],[-67.87,10.47],[-67.68,10.51],[-67.54,10.52],[-67.32,10.55],[-66.59,10.62],[-66.25,10.63],[-66.18,10.61],[-66.1,10.55],[-66.09,10.52],[-66.09,10.47],[-65.85,10.26],[-65.66,10.23],[-65.49,10.16],[-65.32,10.12],[-65.13,10.07],[-65.02,10.08],[-64.94,10.1],[-64.85,10.1],[-64.83,10.11],[-64.8,10.11],[-64.8,10.11],[-64.8,10.11],[-64.2,10.41],[-64.21,10.45],[-64.19,10.46],[-63.83,10.45],[-63.78,10.47],[-63.73,10.5],[-63.86,10.56],[-64.16,10.58],[-64.23,10.55],[-64.23,10.56],[-64.25,10.63],[-64.2,10.63],[-63.87,10.66],[-63.5,10.64],[-63.19,10.71],[-63.04,10.72],[-62.95,10.71],[-62.74,10.74],[-62.73,10.74],[-62.51,10.73],[-62.38,10.71],[-62.24,10.7],[-62.22,10.7],[-61.94,10.68],[-61.93,10.68],[-62.04,10.65],[-62.23,10.63],[-62.37,10.55],[-62.39,10.55],[-62.69,10.56],[-62.91,10.53],[-62.84,10.51],[-62.84,10.42],[-62.82,10.4],[-62.82,10.09],[-63.39,9.92],[-63.84,9.79],[-64.24,9.84],[-65.36,9.98],[-66.6,9.76],[-67.62,9.58],[-67.8,9.55],[-68.78,9.77],[-69,9.82],[-69.12,9.84],[-69.84,9.03],[-70.76,8.29],[-70.79,8.26],[-70.83,8.23],[-70.96,8.11],[-71.36,7.74],[-71.38,7.73],[-71.49,7.65],[-71.96,7.3],[-71.75,6.3],[-71.75,6.29],[-71.73,6.21],[-71.83,6.07],[-72.44,5.23],[-72.49,5.17],[-72.6,5.06],[-73.48,4.17],[-73.55,4.11],[-73.83,3.65],[-73.74,2.72],[-73.71,2.39],[-73.7,2.33],[-73.86,2.26],[-73.9,2.24],[-73.95,2.22],[-73.96,2.27],[-74,2.45],[-74.13,3.07],[-74.46,2.49],[-74.46,2.49],[-74.93,1.99],[-75.34,1.55],[-75.94,1.31],[-76.21,1.17],[-76.83,0.87],[-76.97,0.94],[-77.02,0.97],[-77.24,1.09],[-76.49,1.92],[-76.4,1.95],[-75.79,2.14],[-75.4,2.59],[-75.06,3.41],[-74.78,4.25],[-74.59,5.35],[-74.25,6.07],[-73.43,6.91],[-73.11,7.59],[-73.67,9.05],[-73.19,10.11],[-73.38,10.24],[-73.8,10],[-73.95,10.26],[-74.09,10.51],[-74.21,11.17],[-74.2,11.25],[-74.09,11.25],[-73.87,11.27],[-73.73,11.27],[-73.68,11.27],[-73.32,11.3],[-72.77,11.33],[-72.66,11.29],[-72.21,11.17],[-72.03,11.11],[-72.05,11.07],[-72.8,9.66],[-72.9,8.86],[-72.5,8.07],[-71.55,8.84],[-70.78,9.44],[-70.76,9.46],[-70.76,9.46],[-70.92,9.91],[-71.13,10.36],[-70.51,11.04],[-69.93,11.35],[-69.75,11.45],[-69.36,11.46],[-69.15,11.47],[-68.93,11.38],[-68.61,11.25],[-68.4,10.78],[-68.35,10.68],[-68.34,10.66],[-68.33,10.64],[-68.27,10.55],[-68.26,10.53],[-68.2,10.44]]]}},{"type":"Feature","properties":{"name":"SOUTHERN ALPS"},"geometry":{"type":"MultiPolygon","coordinates":[[[[167.04,-46.02],[166.96,-46.02],[166.88,-45.99],[166.88,-45.99],[166.92,-45.96],[166.87,-45.98],[166.86,-45.97],[166.82,-45.93],[166.81,-45.91],[166.77,-45.79],[166.77,-45.78],[166.84,-45.77],[166.95,-45.75],[167,-45.71],[166.81,-45.7],[166.8,-45.65],[166.83,-45.6],[166.99,-45.53],[166.87,-45.55],[166.77,-45.55],[166.77,-45.5],[166.82,-45.41],[166.92,-45.41],[166.88,-45.37],[166.87,-45.31],[166.91,-45.31],[167.05,-45.38],[167.16,-45.41],[167.11,-45.35],[167.12,-45.32],[167.15,-45.3],[167.23,-45.29],[167.21,-45.28],[167.13,-45.27],[167.03,-45.22],[167.02,-45.18],[167.03,-45.12],[167.13,-45.05],[167.19,-45.09],[167.26,-45.08],[167.21,-45.05],[167.17,-45],[167.19,-44.97],[167.2,-44.96],[167.21,-44.95],[167.41,-44.83],[167.47,-44.96],[167.48,-44.92],[167.48,-44.87],[167.46,-44.84],[167.46,-44.8],[167.48,-44.77],[167.58,-44.74],[167.7,-44.64],[167.79,-44.6],[167.86,-44.62],[167.91,-44.66],[167.9,-44.62],[167.87,-44.59],[167.86,-44.5],[168.02,-44.36],[168.2,-44.22],[168.37,-44.08],[168.44,-44.04],[168.48,-44.03],[168.7,-44],[168.75,-44],[168.76,-43.99],[168.77,-44],[168.81,-43.99],[168.99,-43.89],[169.07,-43.86],[169.14,-43.9],[169.18,-43.91],[169.14,-43.82],[169.15,-43.8],[169.34,-43.74],[169.48,-43.68],[169.49,-43.67],[169.52,-43.66],[169.63,-43.62],[169.69,-43.59],[169.71,-43.57],[169.75,-43.55],[169.77,-43.54],[169.83,-43.54],[169.82,-43.5],[169.82,-43.5],[169.86,-43.47],[169.88,-43.46],[169.89,-43.46],[169.91,-43.45],[169.9,-43.44],[170.09,-43.32],[170.11,-43.3],[170.18,-43.26],[170.22,-43.23],[170.26,-43.21],[170.36,-43.15],[170.4,-43.18],[170.38,-43.14],[170.38,-43.14],[170.47,-43.09],[170.53,-43.06],[170.54,-43.06],[170.54,-43.06],[170.61,-43.09],[170.55,-43.05],[170.55,-43.05],[170.69,-42.98],[170.74,-43.03],[170.73,-42.98],[170.73,-42.97],[170.92,-42.9],[170.99,-42.87],[171.01,-42.86],[171.01,-42.86],[171.01,-42.89],[171.04,-42.86],[171.04,-42.85],[171.05,-42.85],[171.06,-42.84],[171.33,-42.74],[172.1,-42.33],[172.18,-42.27],[172.36,-42.07],[172.56,-41.89],[172.8,-41.63],[172.93,-41.51],[173,-41.47],[173.1,-41.42],[173.2,-41.41],[173.28,-41.44],[173.3,-41.49],[173.3,-41.55],[173.28,-41.6],[173.26,-41.65],[173.15,-41.81],[172.69,-42.4],[172.56,-42.52],[171.77,-43.09],[171.41,-43.31],[171.03,-43.51],[170.87,-43.61],[170.58,-43.82],[170.34,-43.97],[170.17,-44.09],[169.84,-44.29],[169.79,-44.31],[169.6,-44.37],[169.44,-44.44],[169.11,-44.61],[168.87,-44.75],[168.65,-44.92],[167.43,-45.97],[167.36,-46.01],[167.29,-46.02],[167.04,-46.02]]],[[[166.98,-45.18],[166.98,-45.18],[167.02,-45.3],[166.93,-45.28],[166.91,-45.26],[166.98,-45.18]]]]}},{"type":"Feature","properties":{"name":"Anti Atlas"},"geometry":{"type":"Polygon","coordinates":[[[-9.58,28.57],[-10.43,28.4],[-10.61,28.41],[-10.83,28.59],[-10.6,28.96],[-10.59,28.97],[-10.54,29.01],[-9.88,29.56],[-9.2,30.15],[-8.58,30.53],[-8.26,30.72],[-7.68,30.93],[-7.25,31.09],[-6.53,31.2],[-5.94,31.32],[-5.56,31.44],[-5.16,31.6],[-4.61,31.7],[-4.31,31.53],[-4.54,31.3],[-4.91,30.86],[-5.21,30.43],[-5.42,30.16],[-6.16,30.01],[-6.62,30.01],[-6.95,29.92],[-7.58,29.77],[-8.11,29.51],[-8.27,29.17],[-8.63,29.03],[-9.15,28.8],[-9.58,28.57]]]}},{"type":"Feature","properties":{"name":"Muchinga Mts."},"geometry":{"type":"Polygon","coordinates":[[[27.46,-17.21],[27,-17.73],[26.65,-17.72],[26.93,-17.12],[27.71,-16.12],[28.05,-15.63],[28.54,-15.27],[28.5,-15.03],[28.62,-14.87],[28.95,-14.44],[29.6,-14.09],[30.04,-13.84],[30.51,-13.23],[30.93,-12.73],[31.07,-12.49],[31.26,-12.12],[31.64,-11.76],[32.01,-11.38],[32.4,-10.91],[32.54,-10.91],[32.62,-10.91],[32.7,-11.08],[32.23,-11.94],[31.74,-12.79],[31.16,-13.7],[30.76,-14.17],[30.42,-14.66],[30.27,-15.17],[29.66,-15.56],[28.94,-15.85],[28.77,-16.12],[28.52,-16.39],[27.94,-16.53],[27.46,-17.21]]]}},{"type":"Feature","properties":{"name":"Serra do Mar"},"geometry":{"type":"MultiPolygon","coordinates":[[[[-50.01,-29.76],[-50.03,-29.8],[-50.07,-29.89],[-50.28,-29.76],[-50.24,-28.96],[-50.23,-28.73],[-50.19,-28.68],[-49.97,-28.31],[-49.81,-28.03],[-49.62,-27.7],[-49.64,-27.69],[-50.2,-27.2],[-50.02,-26.59],[-49.91,-26.54],[-49.57,-26.38],[-49.22,-25.45],[-49.78,-25.13],[-49.79,-25.12],[-49.77,-25.11],[-49.12,-24.7],[-48.78,-24.64],[-48.25,-24.55],[-47.93,-24.64],[-47.73,-24.7],[-47.89,-25],[-47.91,-25],[-47.99,-25.04],[-47.96,-25.07],[-47.92,-25.07],[-47.93,-25.07],[-48.19,-25.31],[-48.19,-25.31],[-48.27,-25.31],[-48.4,-25.27],[-48.46,-25.31],[-48.43,-25.4],[-48.48,-25.44],[-48.56,-25.45],[-48.64,-25.44],[-48.73,-25.37],[-48.69,-25.49],[-48.51,-25.52],[-48.43,-25.55],[-48.4,-25.6],[-48.55,-25.82],[-48.67,-25.84],[-48.68,-25.88],[-48.61,-25.87],[-48.58,-25.94],[-48.62,-26.18],[-48.68,-26.23],[-48.71,-26.23],[-48.75,-26.27],[-48.7,-26.35],[-48.65,-26.41],[-48.66,-26.52],[-48.68,-26.61],[-48.68,-26.7],[-48.62,-26.88],[-48.59,-27.06],[-48.57,-27.12],[-48.55,-27.2],[-48.6,-27.26],[-48.57,-27.37],[-48.64,-27.56],[-48.61,-27.78],[-48.65,-28.22],[-48.69,-28.31],[-48.8,-28.44],[-48.8,-28.46],[-49.59,-28.84],[-50.01,-29.76]]],[[[-48.6,-26.31],[-48.59,-26.41],[-48.6,-26.41],[-48.67,-26.29],[-48.56,-26.19],[-48.6,-26.31]]]]}},{"type":"Feature","properties":{"name":"Serra Geral"},"geometry":{"type":"Polygon","coordinates":[[[-50.2,-23.17],[-49.71,-24.05],[-49.17,-24.16],[-49.38,-24.34],[-49.77,-25.11],[-49.78,-25.13],[-49.81,-25.2],[-49.35,-25.4],[-49.57,-26.38],[-49.91,-26.54],[-49.91,-26.54],[-50.2,-27.2],[-49.62,-27.65],[-49.64,-27.69],[-49.81,-28.03],[-49.91,-28.23],[-49.97,-28.31],[-50.17,-28.55],[-50.19,-28.68],[-50.24,-28.96],[-50.36,-29.74],[-51.28,-29.54],[-51.89,-29.51],[-52.43,-29.71],[-52.63,-29.78],[-53.53,-29.82],[-53.94,-29.52],[-54.11,-29.4],[-53.01,-28.52],[-53.54,-27.97],[-53.66,-27.49],[-52.99,-27.02],[-53.04,-26.26],[-53.54,-25.81],[-53.92,-24.66],[-53.46,-23.74],[-52.89,-23.17],[-52.34,-23.19],[-51.97,-23.19],[-51.3,-23.6],[-50.2,-23.17]]]}},{"type":"Feature","properties":{"name":"Serra da Mantiqueira"},"geometry":{"type":"Polygon","coordinates":[[[-49.35,-24.64],[-49.31,-24.32],[-47.4,-23.51],[-46.45,-22.59],[-45.18,-21.78],[-44.23,-21.47],[-43.29,-21.06],[-41.34,-21.36],[-41.23,-21.38],[-41.23,-21.38],[-41.5,-21.91],[-41.61,-21.98],[-42.04,-22.28],[-42.57,-22.56],[-43.02,-22.61],[-43.24,-22.63],[-43.81,-22.84],[-44.2,-23.01],[-44.37,-23],[-44.64,-23.06],[-44.68,-23.11],[-44.67,-23.21],[-44.67,-23.21],[-44.72,-23.23],[-45.43,-23.58],[-46.59,-23.9],[-47.58,-24.64],[-47.93,-24.64],[-48.78,-24.64],[-49.35,-24.64]]]}},{"type":"Feature","properties":{"name":"GUIANA HIGHLANDS"},"geometry":{"type":"Polygon","coordinates":[[[-62.93,6.97],[-61.69,6.79],[-60.74,7.07],[-60.03,7.11],[-59.65,6.58],[-59.19,6.3],[-58.83,6.23],[-58.52,5.73],[-58.48,5.03],[-58.38,4.75],[-58.48,4.32],[-58.69,4.15],[-59.61,3.81],[-59.65,3.79],[-60.46,3.97],[-61.13,3.79],[-62.04,3.23],[-63.49,3.51],[-64.02,3.12],[-64.13,3.05],[-64.62,2.74],[-65.39,3.12],[-66.37,3.21],[-66.9,3.88],[-67.61,4.22],[-67.8,5.17],[-67.51,5.77],[-67.37,6.15],[-67.03,7.11],[-66.45,7.57],[-66.12,7.7],[-65.75,7.85],[-65.74,7.85],[-65.73,7.85],[-64.3,7.43],[-63.7,7.04],[-62.93,6.97]]]}},{"type":"Feature","properties":{"name":"Sierra Chiapas"},"geometry":{"type":"Polygon","coordinates":[[[-92.25,17.75],[-91.85,17.64],[-91.61,17.48],[-91.48,17.4],[-91.35,17.24],[-91.25,17.11],[-91.12,16.98],[-90.92,16.83],[-90.94,16.61],[-91.02,16.24],[-91,15.79],[-91.26,15.29],[-91.52,15.16],[-91.95,14.96],[-92.12,15.15],[-92.5,15.2],[-92.87,15.53],[-93.32,15.84],[-93.77,16.16],[-94.33,16.46],[-94.53,16.58],[-94.76,16.79],[-94.46,17.26],[-94.25,17.52],[-93.91,17.67],[-93.22,17.66],[-92.72,17.65],[-92.25,17.75]]]}},{"type":"Feature","properties":{"name":"SELWYN MTS."},"geometry":{"type":"Polygon","coordinates":[[[-129.9,63.36],[-129.67,63.16],[-129.62,63.05],[-129.48,62.95],[-129.23,62.84],[-128.94,62.77],[-128.66,62.66],[-128.38,62.55],[-128.21,62.5],[-127.91,62.57],[-127.81,62.56],[-127.47,62.35],[-127.3,62.2],[-127.12,62.12],[-126.85,62.05],[-126.45,62.05],[-126.07,61.93],[-125.64,61.79],[-125.2,61.67],[-124.81,61.55],[-124.51,61.46],[-124.18,61.49],[-123.7,61.41],[-123.45,61.18],[-123.43,61.05],[-123.43,61.05],[-123.43,61.05],[-123.56,60.83],[-123.53,60.75],[-123.46,60.58],[-123.53,60.51],[-123.68,60.36],[-123.72,60.18],[-123.73,60.16],[-123.96,59.86],[-123.99,59.84],[-124.13,59.74],[-124.3,59.84],[-124.53,59.91],[-124.69,59.79],[-124.81,59.65],[-125.01,59.51],[-125.39,59.46],[-125.62,59.55],[-125.88,59.61],[-126.18,59.6],[-126.53,59.76],[-126.83,59.8],[-127.07,59.79],[-127.52,59.92],[-127.45,60.02],[-127.71,60.16],[-128,60.05],[-128.28,60.02],[-128.56,60.14],[-128.95,60.29],[-129.16,60.43],[-129.17,60.43],[-129.16,60.63],[-129.16,60.78],[-129.23,61.01],[-129.23,61.05],[-129.23,61.21],[-129.21,61.29],[-129.18,61.42],[-129.48,61.72],[-129.76,61.98],[-130.13,62.2],[-130.5,62.21],[-130.9,62.2],[-131.14,62.07],[-131.23,61.93],[-131.67,61.94],[-132.08,62.04],[-132.4,62.2],[-132.65,62.46],[-132.71,62.69],[-132.62,62.87],[-132.45,63.05],[-132.74,63.13],[-133.08,63.27],[-133.48,63.27],[-133.62,63.24],[-133.78,63.2],[-134.05,63.24],[-134.21,63.34],[-134.21,63.5],[-134.14,63.57],[-133.97,63.75],[-133.81,63.81],[-133.48,64.1],[-133.24,64.19],[-132.6,64.22],[-132.35,64.22],[-131.89,64.26],[-131.8,64.53],[-131.42,64.59],[-131.15,64.59],[-130.92,64.36],[-130.78,64.21],[-130.58,64.08],[-130.35,63.99],[-130.15,63.86],[-129.89,63.72],[-129.92,63.53],[-130.08,63.43],[-129.9,63.36]]]}},{"type":"Feature","properties":{"name":"COLUMBIA MTS."},"geometry":{"type":"Polygon","coordinates":[[[-115.29,48.47],[-115.39,48.23],[-115.69,47.94],[-115.96,48.09],[-115.98,48.1],[-116.12,48.13],[-116.26,48.15],[-116.31,48.18],[-116.51,48.3],[-116.51,48.31],[-116.51,48.31],[-116.52,48.29],[-116.57,48.05],[-116.7,47.92],[-116.85,47.8],[-116.91,47.79],[-117.1,47.77],[-117.33,47.81],[-118.09,47.92],[-118.57,47.93],[-118.97,48.01],[-119.16,48.13],[-119.5,48.07],[-119.7,48.08],[-119.78,48.08],[-119.8,48.08],[-119.72,48.34],[-119.68,48.45],[-119.6,48.74],[-119.65,49.21],[-119.7,49.63],[-119.71,49.72],[-119.69,49.74],[-119.44,50.01],[-119.38,50.35],[-119.36,50.43],[-119.26,50.91],[-119.29,50.98],[-119.57,51.57],[-120.02,52.04],[-120.47,52.1],[-121.14,52.47],[-121.66,52.92],[-121.88,53.45],[-122.41,54.03],[-122.99,54.5],[-123.73,55.03],[-123.87,55.56],[-123.67,55.75],[-123.58,55.84],[-123.2,55.49],[-123.18,55.47],[-122.6,55.06],[-122.52,55],[-121.8,54.4],[-121.27,54.08],[-120.61,53.81],[-119.69,53.07],[-119.25,52.87],[-118.83,52.5],[-118.52,52.22],[-118.13,51.99],[-117.75,51.84],[-117.37,51.52],[-116.92,51.25],[-116.39,50.91],[-116.06,50.57],[-115.86,50.28],[-115.76,49.93],[-115.58,49.66],[-115.18,49.27],[-115.24,48.82],[-115.29,48.47]]]}},{"type":"Feature","properties":{"name":"TORNGAT MTS."},"geometry":{"type":"MultiPolygon","coordinates":[[[[-63.77,59.5],[-63.85,59.45],[-63.97,59.41],[-63.95,59.38],[-63.78,59.35],[-63.76,59.32],[-63.78,59.28],[-63.75,59.28],[-63.64,59.34],[-63.54,59.33],[-63.42,59.19],[-63.51,59.12],[-63.65,59.08],[-63.76,59.06],[-63.91,59.07],[-63.97,59.05],[-63.94,59.03],[-63.79,59.03],[-63.57,59.05],[-63.4,59.08],[-63.33,59.08],[-63.29,59.08],[-63.29,59.07],[-63.28,59.04],[-63.3,59.03],[-63.31,59.03],[-63.28,59],[-63.22,58.93],[-63.22,58.91],[-63.28,58.87],[-63.19,58.86],[-63.05,58.88],[-63.03,58.87],[-63.01,58.86],[-62.93,58.77],[-62.92,58.75],[-62.93,58.65],[-62.93,58.64],[-63.1,58.55],[-63.18,58.53],[-63.45,58.51],[-63.52,58.48],[-63.84,58.51],[-63.86,58.54],[-64.03,58.52],[-64.09,58.62],[-64.21,58.8],[-64.3,58.88],[-64.5,58.89],[-64.76,58.93],[-64.82,59.04],[-64.7,59.07],[-64.47,59.16],[-64.52,59.38],[-64.52,59.5],[-64.76,59.47],[-64.81,59.64],[-64.78,59.96],[-64.74,60],[-64.74,60],[-64.73,60],[-64.56,60.04],[-64.41,60.06],[-64.29,60.06],[-64.28,60.05],[-64.21,60],[-64.18,59.97],[-64.17,59.85],[-64.23,59.74],[-64.15,59.79],[-64.06,59.82],[-64.05,59.82],[-63.98,59.75],[-63.97,59.7],[-63.93,59.64],[-63.84,59.57],[-63.82,59.56],[-63.77,59.5]]],[[[-64.72,60.18],[-64.86,60.3],[-64.86,60.3],[-64.85,60.31],[-64.82,60.33],[-64.71,60.34],[-64.5,60.27],[-64.44,60.23],[-64.42,60.17],[-64.53,60.09],[-64.71,60.04],[-64.73,60.03],[-64.72,60.18]]],[[[-64.81,60.49],[-64.66,60.49],[-64.54,60.43],[-64.46,60.32],[-64.44,60.3],[-64.56,60.32],[-64.74,60.38],[-64.81,60.41],[-64.82,60.43],[-64.81,60.49]]]]}},{"type":"Feature","properties":{"name":"NEW GUINEA HIGHLANDS"},"geometry":{"type":"Polygon","coordinates":[[[142.67,-4.45],[142.75,-4.47],[143.3,-4.55],[143.27,-4.53],[144.29,-4.84],[144.48,-4.94],[144.64,-5.08],[144.79,-5.24],[144.95,-5.38],[145.03,-5.43],[145.18,-5.52],[145.25,-5.57],[145.37,-5.69],[145.41,-5.72],[145.55,-5.82],[146,-6.06],[146.24,-6.27],[146.44,-6.51],[146.86,-7.23],[146.91,-7.3],[146.97,-7.38],[147.04,-7.44],[147.18,-7.56],[147.25,-7.63],[147.31,-7.71],[147.41,-7.87],[147.47,-7.95],[147.51,-8],[147.53,-8.02],[147.55,-8.06],[147.57,-8.09],[147.59,-8.17],[147.61,-8.21],[147.65,-8.28],[147.71,-8.38],[147.83,-8.55],[147.96,-8.71],[148.26,-9],[148.3,-9.04],[148.39,-9.13],[148.55,-9.26],[148.72,-9.37],[148.83,-9.41],[148.89,-9.43],[148.95,-9.45],[149.06,-9.5],[149.14,-9.59],[149.14,-9.59],[149.17,-9.72],[149.12,-9.81],[149.02,-9.87],[148.9,-9.88],[148.7,-9.85],[148.51,-9.81],[148.33,-9.75],[148.15,-9.65],[148.12,-9.62],[148.09,-9.59],[148.07,-9.57],[148.02,-9.56],[147.98,-9.55],[147.93,-9.56],[147.9,-9.56],[147.85,-9.55],[147.84,-9.54],[147.81,-9.5],[147.79,-9.49],[147.68,-9.41],[147.62,-9.37],[147.54,-9.3],[147.47,-9.22],[147.24,-8.9],[147.13,-8.75],[146.98,-8.55],[146.87,-8.42],[146.8,-8.34],[146.42,-7.95],[146.28,-7.85],[145.23,-7.22],[144.98,-7.05],[144.85,-6.98],[144.61,-6.89],[143.82,-6.68],[143.7,-6.63],[143.36,-6.43],[143.24,-6.38],[142.98,-6.27],[141.15,-5.38],[140.5,-4.98],[140.48,-4.97],[140.36,-4.92],[140.23,-4.9],[140.1,-4.88],[139.98,-4.85],[139.68,-4.73],[139.57,-4.71],[139.44,-4.7],[139.31,-4.68],[138.93,-4.58],[138.6,-4.5],[138.46,-4.47],[138.31,-4.46],[138.19,-4.46],[138.01,-4.46],[137.82,-4.45],[136.43,-4.28],[135.77,-4.2],[135.59,-4.16],[135.49,-4.09],[135.46,-4.07],[135.44,-3.88],[135.47,-3.81],[135.52,-3.77],[135.63,-3.69],[136.28,-3.09],[136.4,-3],[136.49,-2.96],[136.53,-2.94],[136.64,-2.93],[136.75,-2.97],[136.96,-3.09],[136.98,-3.1],[137.06,-3.14],[137.16,-3.16],[137.26,-3.17],[137.88,-3.17],[138.82,-3.24],[138.87,-3.24],[139.01,-3.25],[139.13,-3.29],[139.83,-3.65],[140.05,-3.74],[140.52,-3.86],[140.54,-3.87],[141.14,-4.07],[141.92,-4.27],[142.31,-4.34],[142.51,-4.39],[142.67,-4.45]]]}},{"type":"Feature","properties":{"name":"Hangayn Mts."},"geometry":{"type":"Polygon","coordinates":[[[103.47,45.9],[103.04,45.69],[102.58,45.58],[101.98,45.66],[101.35,45.74],[101.03,45.7],[100.72,45.74],[99.36,46.14],[99.09,46.29],[98.95,46.32],[98.55,46.51],[96.66,46.86],[96.56,46.91],[96.47,46.97],[96.43,47.01],[96.41,47.05],[96.36,47.22],[96.34,47.26],[96.31,47.31],[96.25,47.35],[95.94,47.5],[95.88,47.54],[95.84,47.59],[95.81,47.67],[95.79,47.86],[95.8,47.95],[95.84,48.05],[95.91,48.15],[95.99,48.23],[96.2,48.37],[97.11,48.75],[97.55,48.79],[98.86,48.71],[100.45,48.21],[100.76,48.05],[101.79,47.75],[102.61,47.51],[103.48,46.99],[103.61,46.88],[103.71,46.75],[103.78,46.6],[103.8,46.48],[103.8,46.36],[103.77,46.25],[103.72,46.15],[103.65,46.06],[103.47,45.9]]]}},{"type":"Feature","properties":{"name":"Hamgyong Mts."},"geometry":{"type":"Polygon","coordinates":[[[129.68,41.59],[129.68,41.55],[129.68,41.55],[129.68,41.49],[129.73,41.43],[129.75,41.38],[129.76,41.34],[129.76,41.29],[129.74,41.25],[129.65,41.1],[129.63,41.06],[129.63,41.02],[129.65,40.99],[129.72,40.97],[129.71,40.93],[129.69,40.89],[129.66,40.86],[129.6,40.82],[129.34,40.73],[129.25,40.66],[129.21,40.62],[128.95,40.43],[128.95,40.43],[128.84,40.36],[128.7,40.32],[128.61,40.2],[128.51,40.13],[128.39,40.09],[128.3,40.04],[128.11,40.03],[127.97,40],[127.87,39.9],[127.57,39.78],[127.53,39.7],[127.55,39.56],[127.55,39.48],[127.51,39.46],[127.18,39.58],[127.12,39.61],[127.08,39.65],[127.06,39.71],[127.05,39.75],[127.06,39.79],[127.08,39.87],[127.08,39.9],[127.07,39.93],[127.02,40],[126.61,40.4],[126.56,40.47],[126.53,40.56],[126.52,40.98],[126.52,41.04],[126.53,41.06],[126.53,41.08],[126.54,41.09],[126.6,41.13],[126.62,41.15],[126.67,41.19],[126.68,41.2],[126.68,41.21],[126.69,41.22],[126.68,41.28],[126.69,41.29],[126.69,41.3],[126.72,41.33],[126.75,41.35],[127.07,41.44],[127.13,41.47],[127.27,41.61],[127.3,41.62],[127.33,41.62],[127.46,41.6],[127.76,41.66],[127.81,41.68],[127.85,41.71],[127.89,41.75],[127.94,41.82],[128.1,42.24],[128.15,42.31],[128.22,42.37],[128.92,42.68],[130.03,42.88],[130.1,42.88],[130.16,42.86],[130.22,42.82],[130.28,42.75],[130.44,42.66],[130.46,42.64],[130.56,42.48],[130.57,42.44],[130.57,42.41],[130.56,42.38],[130.54,42.35],[130.51,42.32],[130.47,42.3],[130.46,42.3],[130.42,42.28],[130.25,42.2],[130.1,42.06],[130.07,42.05],[130.01,41.99],[129.95,41.92],[129.85,41.83],[129.77,41.73],[129.76,41.71],[129.72,41.65],[129.69,41.61],[129.68,41.59]]]}},{"type":"Feature","properties":{"name":"SREDINNYY RANGE"},"geometry":{"type":"Polygon","coordinates":[[[157.23,53.36],[157.08,53.36],[156.95,53.51],[156.9,53.74],[156.89,54.02],[156.93,54.29],[157,54.52],[157.39,55.24],[157.5,55.49],[157.55,55.65],[157.58,55.7],[157.62,55.76],[158.12,56.28],[160.27,58.18],[161.37,59.45],[161.48,59.6],[161.61,59.73],[161.76,59.82],[161.81,59.84],[161.9,59.85],[162.32,59.97],[162.5,60.04],[162.66,60.13],[163.16,60.47],[163.42,60.61],[163.7,60.71],[163.83,60.72],[163.94,60.67],[163.99,60.57],[163.99,60.43],[163.92,60.31],[163.82,60.21],[163.7,60.13],[163.59,60.04],[163.26,59.72],[163.09,59.58],[162.89,59.45],[162.79,59.39],[162.77,59.37],[162.74,59.35],[162.7,59.29],[162.67,59.27],[162.35,59],[162.24,58.91],[161.91,58.52],[161.27,57.88],[160.54,56.96],[160.37,56.78],[160.29,56.68],[160.18,56.53],[160.12,56.46],[160.05,56.39],[159.88,56.29],[159.78,56.21],[159.51,55.95],[159.43,55.88],[159.35,55.83],[159.16,55.74],[159.06,55.68],[158.97,55.61],[158.56,55.14],[158.05,54.38],[157.94,54.24],[157.83,54.12],[157.49,53.61],[157.37,53.46],[157.23,53.36]]]}},{"type":"Feature","properties":{"name":"Koryak Range"},"geometry":{"type":"Polygon","coordinates":[[[166.15,60.62],[165.84,60.6],[165.55,60.64],[165.3,60.78],[165.2,60.89],[165.13,61.03],[165.1,61.19],[165.13,61.33],[165.21,61.42],[165.32,61.48],[165.56,61.55],[165.83,61.67],[166.17,61.78],[169.75,62.98],[170.52,63.15],[172.85,63.43],[173.68,63.47],[173.78,63.48],[174.06,63.55],[174.15,63.56],[174.54,63.58],[174.76,63.61],[175.19,63.64],[176.41,63.64],[176.8,63.6],[177.09,63.47],[177.11,63.2],[177,63.11],[176.84,63.06],[176.16,62.98],[174.94,62.76],[174.61,62.67],[174.18,62.59],[170.02,61.54],[169.33,61.42],[168.92,61.3],[166.43,60.66],[166.3,60.64],[166.15,60.62]]]}},{"type":"Feature","properties":{"name":"KOLYMA RANGE"},"geometry":{"type":"Polygon","coordinates":[[[155.2,60.75],[154.8,60.71],[154.71,60.73],[154.61,60.77],[154.53,60.83],[154.48,60.91],[154.47,61.02],[154.5,61.15],[154.55,61.27],[154.63,61.35],[154.67,61.38],[154.81,61.45],[154.91,61.52],[155.09,61.68],[155.19,61.74],[155.53,61.9],[155.82,62.09],[156.31,62.32],[156.64,62.44],[158.21,63.13],[158.44,63.26],[158.62,63.38],[158.66,63.39],[159.63,63.73],[160.55,63.99],[160.95,64.15],[161.11,64.2],[161.58,64.32],[161.7,64.37],[161.81,64.43],[161.99,64.55],[162.04,64.57],[162.1,64.59],[162.74,64.77],[162.92,64.84],[162.98,64.87],[163.08,64.93],[163.14,64.96],[163.24,65],[163.34,65.02],[163.43,65.03],[163.65,65.04],[163.87,65.07],[163.98,65.07],[164.11,65.06],[164.22,65.03],[164.31,64.97],[164.4,64.87],[164.47,64.77],[164.51,64.65],[164.52,64.53],[164.49,64.41],[164.41,64.31],[164.31,64.23],[164.19,64.17],[163.98,64.08],[163.88,64.04],[163.22,63.86],[162.96,63.74],[162.82,63.69],[162.4,63.58],[162.14,63.49],[161.09,63.2],[158.72,62.4],[157.34,61.83],[157.22,61.79],[156.96,61.73],[156.83,61.69],[156.75,61.65],[155.56,60.89],[155.2,60.75]]]}},{"type":"Feature","properties":{"name":"CHERSKIY RANGE"},"geometry":{"type":"Polygon","coordinates":[[[146.73,64.08],[146.57,64.08],[146.52,64.08],[146.46,64.1],[146.41,64.12],[146.38,64.15],[146.33,64.17],[146.06,64.22],[145.97,64.26],[145.24,64.57],[145.07,64.66],[144.98,64.69],[144.86,64.71],[144.6,64.73],[144.47,64.74],[142.55,65.2],[142.17,65.34],[141.54,65.49],[141.47,65.52],[141.36,65.57],[141.3,65.59],[141.02,65.65],[139.62,66.06],[139.22,66.25],[138.2,66.85],[138.01,67],[137.83,67.15],[137.49,67.5],[137.45,67.56],[137.38,67.67],[137.33,67.73],[137.3,67.76],[137.2,67.83],[137.18,67.86],[137.03,68.1],[136.94,68.4],[136.97,68.67],[137.2,68.82],[137.32,68.83],[137.44,68.83],[137.68,68.82],[138.06,68.76],[138.31,68.7],[138.51,68.59],[139.68,67.69],[140.01,67.38],[140.19,67.25],[140.46,67.11],[142.53,66.34],[142.67,66.3],[142.9,66.25],[142.98,66.23],[143.28,66.16],[143.93,66.09],[144.24,66],[144.55,65.9],[145.58,65.67],[146.03,65.54],[146.5,65.32],[146.87,64.99],[147.02,64.56],[147.02,64.37],[147,64.22],[146.91,64.13],[146.73,64.08]]]}},{"type":"Feature","properties":{"name":"Chin Hills"},"geometry":{"type":"Polygon","coordinates":[[[93.56,21.49],[93.49,21.41],[93.52,21.45],[92.98,21.37],[92.95,21.38],[92.91,21.39],[92.71,21.54],[92.63,21.63],[92.61,21.68],[92.59,21.74],[92.58,22.06],[92.57,22.12],[92.42,22.38],[92.4,22.48],[92.4,22.56],[92.42,22.64],[92.56,22.96],[92.58,23.05],[92.57,23.18],[92.57,23.19],[92.58,23.2],[92.61,23.23],[92.62,23.24],[92.62,23.26],[92.61,23.31],[92.58,23.36],[92.33,23.62],[92.29,23.73],[92.29,23.8],[92.33,23.84],[92.4,23.87],[92.49,23.87],[92.58,23.85],[92.67,23.82],[93.31,23.26],[93.66,22.84],[93.75,22.69],[93.77,22.61],[93.78,22.51],[93.68,22.13],[93.64,21.68],[93.61,21.58],[93.56,21.49]]]}},{"type":"Feature","properties":{"name":"Yin Mts."},"geometry":{"type":"Polygon","coordinates":[[[111.56,41.68],[111.7,41.23],[111.71,41.22],[111.63,41.18],[111.43,41.06],[111.2,40.92],[110.82,40.84],[107.35,41.34],[107.18,41.36],[107.01,41.19],[106.55,41.05],[106.16,41.22],[105.7,41.54],[106.02,42.14],[106.56,42.33],[107.68,42.4],[111.1,41.96],[111.56,41.68]]]}},{"type":"Feature","properties":{"name":"Western Sayan Mts."},"geometry":{"type":"Polygon","coordinates":[[[95.78,51.63],[95.75,51.59],[95.71,51.56],[95.65,51.54],[95.49,51.5],[95.31,51.49],[94.64,51.63],[92.09,51.51],[91.41,51.34],[91.07,51.34],[91,51.35],[90.95,51.39],[90.9,51.43],[90.87,51.49],[90.85,51.55],[90.85,51.55],[90.85,51.62],[90.85,51.69],[90.87,51.76],[90.94,51.86],[90.98,51.92],[90.99,51.96],[91,52],[90.97,52.42],[90.97,52.43],[90.98,52.57],[91.03,52.72],[91.06,52.77],[91.07,52.78],[91.11,52.83],[91.17,52.86],[91.2,52.94],[94,53.13],[95.18,53.21],[95.47,53.16],[95.59,53.11],[95.7,53.04],[95.83,52.9],[95.88,52.81],[95.9,52.77],[95.91,52.72],[95.9,52.5],[95.91,52.43],[95.94,52.36],[96.02,52.19],[96.03,52.15],[96.03,52.11],[96.02,52.07],[96.01,52.03],[95.78,51.63]]]}},{"type":"Feature","properties":{"name":"Abakanskiy Ra."},"geometry":{"type":"Polygon","coordinates":[[[91,49.85],[90.96,49.16],[90.36,49.25],[90.2,49.41],[90.12,49.49],[90.1,49.51],[90.09,49.53],[89.92,49.62],[89.81,49.63],[89.7,49.66],[89.01,50.06],[88.72,50.16],[88.67,50.18],[88.61,50.21],[88.57,50.24],[88.54,50.28],[88.53,50.33],[88.52,50.53],[88.52,50.55],[88.54,50.66],[88.54,50.67],[88.6,50.86],[88.6,50.91],[88.6,50.96],[88.57,51.11],[88.4,51.53],[88.37,51.82],[88.55,53.07],[88.64,53.26],[88.76,53.42],[88.89,53.5],[89.03,53.56],[89.68,53.67],[89.83,53.72],[89.96,53.8],[90.18,54.08],[90.22,54.11],[90.27,54.14],[90.31,54.16],[90.41,54.17],[90.77,54.14],[90.86,54.11],[90.94,54.06],[91.01,53.99],[91.07,53.92],[91.18,53.63],[91.19,53.56],[91.18,53.49],[91.07,53.18],[91.06,52.77],[91.06,52.76],[90.97,52.43],[90.96,52.39],[90.94,51.86],[90.93,51.7],[90.9,51.62],[90.85,51.55],[90.54,51.05],[90.53,51],[90.53,50.96],[90.53,50.9],[90.56,50.82],[90.67,50.54],[90.68,50.52],[90.91,50.14],[90.97,49.99],[90.99,49.89],[91,49.85]]]}},{"type":"Feature","properties":{"name":"Tannu-Ola Ra."},"geometry":{"type":"Polygon","coordinates":[[[96.18,51],[96.49,50.72],[96.62,50.54],[96.65,50.46],[96.66,50.38],[96.64,50.31],[96.63,50.3],[96.6,50.24],[96.53,50.18],[96.36,50.08],[96.19,50.02],[96.01,50],[95.92,50],[95.84,50.02],[95.75,50.06],[95.66,50.13],[95.46,50.34],[95.44,50.37],[95.36,50.43],[94.91,50.61],[94.09,50.74],[92.52,50.68],[92.32,50.64],[91.94,50.49],[91.9,50.47],[91.87,50.44],[91.8,50.31],[91.6,50.12],[91.59,50.1],[91.47,50.08],[91.09,49.91],[90.99,49.89],[90.87,49.87],[90.77,49.87],[90.68,49.9],[90.64,49.91],[90.45,50.1],[90.41,50.12],[90.24,50.17],[90.21,50.18],[90.19,50.21],[90.17,50.24],[90.16,50.29],[90.17,50.39],[90.2,50.48],[90.26,50.55],[90.33,50.65],[90.56,50.82],[90.97,51.13],[91.34,51.29],[91.8,51.34],[92.35,51.51],[94.25,51.6],[95.8,51.21],[96.18,51]]]}},{"type":"Feature","properties":{"name":"Taihang Mts."},"geometry":{"type":"Polygon","coordinates":[[[113.86,35.48],[113.25,35.36],[113.15,35.36],[113.1,35.39],[113.07,35.44],[113.06,35.51],[113.17,36.07],[113.1,36.76],[112.99,37.07],[112.97,37.21],[112.98,37.32],[113.06,37.59],[113.06,37.66],[113.05,37.73],[112.91,38],[112.89,38.06],[112.88,38.21],[112.9,38.34],[112.95,38.45],[113.24,38.87],[113.3,38.98],[113.33,39.12],[113.34,40.96],[113.26,41.22],[113.26,41.27],[113.27,41.32],[113.3,41.37],[113.34,41.41],[113.39,41.44],[113.49,41.47],[113.7,41.49],[113.75,41.5],[113.96,41.63],[114.01,41.65],[114.08,41.67],[114.22,41.66],[114.5,41.58],[114.64,41.52],[114.76,41.42],[114.8,41.37],[114.84,41.31],[114.87,41.24],[114.9,41.09],[114.89,40.98],[114.84,40.79],[114.66,40.43],[114.61,40.27],[114.6,40.12],[114.69,39.73],[114.68,39.71],[114.68,39.7],[114.65,39.69],[114.64,39.68],[114.63,39.67],[114.64,39.59],[114.63,39.55],[114.56,39.4],[114.55,39.36],[114.54,39.19],[114.54,39.16],[114.44,38.97],[114.39,38.84],[114.4,37.91],[114.41,37.03],[114.41,36.76],[114.42,36.23],[114.39,36.14],[114.35,36.04],[114,35.57],[113.93,35.52],[113.86,35.48]]]}},{"type":"Feature","properties":{"name":"Lüliang Mts."},"geometry":{"type":"Polygon","coordinates":[[[112.52,34.78],[112.22,34.72],[112.12,34.73],[111.92,34.83],[111.85,34.85],[111.8,34.85],[111.76,34.86],[111.67,34.87],[111.58,34.91],[111.5,34.98],[111.37,35.18],[111.29,35.38],[111.27,35.99],[111.26,36.09],[111.22,37.36],[111.3,37.74],[111.3,37.88],[111.14,38.38],[111.14,38.49],[111.17,38.7],[111.55,39.88],[111.58,40.08],[111.57,40.36],[111.59,40.45],[111.63,40.52],[111.67,40.57],[111.93,40.76],[112.14,40.97],[112.2,41],[112.21,41.01],[112.33,40.72],[112.59,39.37],[112.7,39.14],[112.73,39.02],[112.83,37.76],[112.96,37.33],[113.03,35.51],[112.98,35.17],[112.92,34.95],[112.89,34.91],[112.86,34.87],[112.82,34.85],[112.82,34.85],[112.52,34.78]]]}},{"type":"Feature","properties":{"name":"Qinling Mountains"},"geometry":{"type":"Polygon","coordinates":[[[112.99,34.73],[113.39,34.12],[113.41,34.05],[113.39,34.01],[113.33,33.98],[113.31,33.95],[113.31,33.9],[113.33,33.86],[113.6,33.48],[114.17,32.94],[114.19,32.9],[114.2,32.85],[114.2,32.82],[114.19,32.78],[113.99,32.55],[113.96,32.53],[113.94,32.53],[113.91,32.53],[113.87,32.54],[112.76,33.51],[112.58,33.61],[112.53,33.62],[112.41,33.62],[112.42,33.55],[112.43,33.5],[112.49,33.39],[112.5,33.35],[112.49,33.31],[112.45,33.27],[112.37,33.24],[112.3,33.22],[112.23,33.22],[112.16,33.22],[111.86,33.34],[111.86,33.29],[111.87,33.25],[111.94,33.14],[111.95,33.1],[111.96,33.06],[111.94,33.01],[111.93,32.99],[111.84,32.9],[111.83,32.89],[111.81,32.85],[111.79,32.77],[111.79,32.76],[111.78,32.74],[111.69,32.68],[111.57,32.66],[110.77,32.85],[110.49,32.81],[109.94,32.65],[109.79,32.63],[108.93,32.7],[108.84,32.73],[108.58,32.89],[107.6,33.27],[105.89,33.2],[105.59,33.23],[105.46,33.28],[105.36,33.35],[105.24,33.48],[105.15,33.64],[105.07,33.81],[105.03,33.98],[105.03,34.04],[105.03,34.09],[105.04,34.13],[105.09,34.22],[105.29,34.44],[105.4,34.52],[105.52,34.58],[105.77,34.64],[106.26,34.66],[106.85,34.56],[107.35,34.54],[107.85,34.36],[109.21,34.35],[111.14,34.8],[111.41,34.79],[112.08,34.67],[112.22,34.68],[112.52,34.78],[112.71,34.85],[112.81,34.86],[112.82,34.85],[112.9,34.82],[112.99,34.73]]]}},{"type":"Feature","properties":{"name":"Dalou Mts."},"geometry":{"type":"Polygon","coordinates":[[[107.84,29.24],[107.89,29.23],[107.9,29.23],[108.04,29.35],[108.05,29.36],[108.08,29.34],[108.15,29.24],[108.27,28.95],[108.34,28.58],[108.33,28.55],[108.32,28.51],[108.31,28.48],[108.29,28.46],[108.25,28.43],[108.23,28.41],[108.21,28.37],[108.14,27.92],[108.11,27.85],[108.07,27.81],[107.98,27.73],[107.76,27.62],[107.45,27.38],[107.39,27.35],[107.33,27.34],[107,27.38],[106.67,27.34],[106.6,27.32],[106.57,27.3],[106.53,27.27],[106.25,26.96],[106.13,26.87],[106.09,26.81],[106.08,26.76],[106.09,26.62],[106.08,26.57],[106.05,26.52],[105.96,26.45],[105.89,26.41],[105.82,26.4],[105.45,26.41],[105.41,26.43],[105.38,26.46],[105.31,26.59],[105.28,26.62],[104.89,26.75],[104.83,26.75],[104.79,26.76],[104.77,26.78],[104.75,26.82],[104.73,26.85],[104.69,26.88],[104.54,26.95],[104.4,27.07],[104.01,27.61],[103.91,27.81],[103.85,28.05],[103.85,28.1],[103.86,28.14],[103.89,28.18],[103.93,28.22],[104.12,28.37],[104.18,28.44],[104.22,28.52],[104.24,28.58],[104.25,28.61],[104.28,28.63],[104.28,28.63],[104.32,28.64],[104.5,28.64],[104.68,28.68],[105.09,28.68],[105.19,28.7],[105.3,28.75],[105.34,28.78],[105.41,28.83],[105.46,28.85],[105.52,28.85],[105.77,28.81],[105.81,28.81],[105.87,28.81],[105.93,28.83],[106.17,29.02],[106.71,29.47],[106.92,29.54],[106.96,29.55],[106.97,29.55],[107.1,29.57],[107.26,29.64],[107.28,29.64],[107.31,29.64],[107.34,29.63],[107.39,29.6],[107.56,29.38],[107.6,29.35],[107.74,29.3],[107.84,29.24]]]}},{"type":"Feature","properties":{"name":"Dângrêk Ra."},"geometry":{"type":"Polygon","coordinates":[[[101.68,15.1],[104.87,14.92],[105.04,14.94],[105.21,14.99],[105.39,15.09],[105.42,15.09],[105.45,15.09],[105.48,15.08],[105.68,14.87],[105.72,14.81],[105.75,14.75],[105.76,14.67],[105.76,14.53],[105.74,14.43],[105.71,14.34],[105.66,14.26],[105.6,14.19],[105.52,14.13],[105.43,14.09],[105.23,14.06],[105.04,14.06],[104.31,14.26],[103.95,14.28],[103.21,14.16],[103.16,14.14],[103.11,14.12],[103.06,14.09],[102.88,13.89],[102.84,13.86],[102.8,13.84],[102.74,13.83],[102.54,13.83],[102.47,13.88],[101.23,14.26],[100.79,14.61],[100.75,14.66],[100.72,14.71],[100.65,14.93],[100.65,14.99],[100.65,15.02],[100.67,15.07],[100.77,15.24],[101.08,15.55],[101.11,15.56],[101.15,15.57],[101.19,15.56],[101.23,15.55],[101.31,15.49],[101.44,15.35],[101.54,15.18],[101.59,15.13],[101.61,15.12],[101.64,15.11],[101.68,15.1]]]}},{"type":"Feature","properties":{"name":"Naga Hills"},"geometry":{"type":"Polygon","coordinates":[[[94.07,23.35],[94.02,23.34],[93.97,23.39],[93.94,23.43],[93.74,23.43],[93.7,23.44],[93.66,23.46],[93.62,23.5],[93.36,23.96],[93.31,24.1],[93.3,24.18],[93.3,24.38],[93.85,25.99],[94.03,26.23],[94.7,26.87],[95.49,27.29],[95.62,27.29],[95.72,27.26],[95.8,27.18],[95.86,27.09],[95.9,26.97],[95.92,26.73],[95.91,26.62],[95.88,26.53],[95.85,26.49],[95.82,26.45],[95.71,26.34],[95.37,26.04],[95.2,25.81],[95.08,25.64],[94.87,25.19],[94.64,24.3],[94.58,24.16],[94.5,24.05],[94.26,23.79],[94.23,23.75],[94.17,23.43],[94.16,23.4],[94.14,23.38],[94.11,23.36],[94.07,23.35]]]}},{"type":"Feature","properties":{"name":"Arakan Yoma"},"geometry":{"type":"Polygon","coordinates":[[[94.91,17.23],[94.83,17.24],[94.8,17.25],[94.77,17.27],[94.77,17.28],[94.74,17.3],[94.71,17.34],[94.62,17.52],[94.46,18.18],[94.42,18.23],[94.41,18.25],[94.27,18.51],[94.26,18.53],[94.28,18.74],[94.28,18.78],[94.21,19.12],[94.14,19.31],[94.04,19.47],[93.68,19.88],[93.71,19.91],[93.66,19.91],[93.51,20.08],[93.49,20.11],[93.48,20.16],[93.48,20.2],[93.52,20.29],[93.52,20.38],[93.49,20.46],[93.42,20.57],[93.31,20.76],[93.27,20.84],[93.26,20.93],[93.27,21.05],[93.31,21.14],[93.37,21.22],[93.45,21.27],[93.55,21.31],[93.65,21.32],[93.77,21.34],[93.88,21.34],[93.98,21.32],[94.07,21.29],[94.14,21.23],[94.21,21.17],[94.26,21.09],[94.34,20.91],[94.38,20.75],[94.39,20.53],[94.42,20.42],[94.44,20.37],[94.51,20.29],[94.75,20.08],[94.85,19.92],[94.99,19.54],[95.11,17.61],[95.13,17.29],[95.12,17.27],[95.11,17.25],[95.09,17.24],[94.91,17.23]]]}},{"type":"Feature","properties":{"name":"Southern Ghats"},"geometry":{"type":"Polygon","coordinates":[[[78.48,10.73],[78.58,10.46],[78.6,10.32],[78.59,10.18],[78.57,10.1],[78.53,10.04],[78.42,9.92],[78.15,9.75],[77.53,9.48],[77.45,9.41],[77.37,9.33],[77.33,9.21],[77.36,9.1],[77.75,8.66],[77.78,8.53],[77.74,8.38],[77.76,8.4],[77.74,8.33],[77.68,8.29],[77.59,8.27],[77.5,8.28],[77.3,8.33],[77.22,8.36],[77.16,8.4],[77.12,8.44],[77.09,8.49],[76.99,8.83],[76.53,9.62],[76.4,9.95],[76.34,10.31],[76.37,10.62],[76.37,10.67],[76.54,10.64],[76.76,10.55],[76.87,10.51],[77.05,10.48],[77.18,10.48],[77.27,10.51],[77.58,10.67],[77.83,10.72],[78.48,10.73]]]}},{"type":"Feature","properties":{"name":"Satpura Range"},"geometry":{"type":"Polygon","coordinates":[[[79.31,21.67],[79.25,21.65],[79.18,21.63],[78.65,21.65],[78.51,21.63],[78.32,21.57],[77.63,21.22],[77.45,21.18],[76.81,21.16],[76.56,21.06],[75.31,21.07],[75.16,21.1],[75.09,21.14],[75.02,21.18],[74.96,21.24],[74.91,21.31],[74.88,21.37],[74.86,21.43],[74.86,21.48],[74.87,21.53],[74.89,21.58],[74.92,21.63],[75,21.72],[75.03,21.83],[75.05,21.87],[75.08,21.9],[75.16,21.96],[75.25,22],[77.56,22.44],[78.02,22.67],[78.37,22.75],[78.76,22.91],[79.67,22.98],[79.77,22.96],[79.81,22.94],[79.85,22.9],[79.88,22.86],[79.93,22.79],[79.93,22.79],[80.01,22.59],[80.01,22.56],[80.02,22.51],[80.01,22.45],[79.98,22.41],[79.95,22.37],[79.73,22.22],[79.66,22.15],[79.55,21.92],[79.46,21.8],[79.37,21.71],[79.31,21.67]]]}},{"type":"Feature","properties":{"name":"Salt Ra."},"geometry":{"type":"Polygon","coordinates":[[[73.24,32.91],[73.16,32.91],[72.9,32.94],[72.82,32.96],[72.74,33.02],[72.69,33.07],[72.66,33.12],[72.64,33.18],[72.63,33.24],[72.65,33.49],[72.63,33.88],[72.64,33.95],[72.66,34],[72.69,34.03],[72.74,34.05],[72.79,34.07],[73.13,34.09],[73.51,34.13],[73.56,34.13],[73.74,34.15],[73.81,34.15],[73.89,34.16],[73.91,34.15],[73.97,34.15],[74.41,34.1],[74.48,34.1],[75.17,33.92],[75.21,33.89],[75.24,33.86],[75.26,33.82],[75.27,33.36],[75.2,33.2],[75.19,33.18],[75.17,33.17],[75.14,33.15],[74.82,33.08],[74.71,33.07],[74.52,33.06],[73.92,33.02],[73.51,32.99],[73.41,32.96],[73.24,32.91]]]}},{"type":"Feature","properties":{"name":"Borohoro Mts."},"geometry":{"type":"Polygon","coordinates":[[[85.68,44.06],[86.77,43.61],[86.84,43.54],[86.89,43.47],[86.9,43.38],[86.85,43.22],[86.74,43.11],[86.59,43.02],[86.42,42.97],[86.04,42.94],[85.7,42.98],[83.58,43.6],[83.35,43.67],[82.24,43.74],[82.08,43.8],[81.96,43.89],[81.85,43.94],[81.8,43.93],[81.72,43.93],[81.24,44.11],[81.18,44.17],[81.15,44.28],[81.15,44.41],[81.18,44.56],[81.23,44.71],[81.33,44.84],[81.45,44.92],[81.61,44.96],[82.14,44.9],[83.02,44.59],[83.64,44.5],[84.67,44.34],[85.19,44.26],[85.68,44.06]]]}},{"type":"Feature","properties":{"name":"Alataw Mts."},"geometry":{"type":"Polygon","coordinates":[[[82.05,45.67],[82.15,45.66],[82.24,45.68],[82.71,45.97],[82.82,46],[82.92,46.01],[83.02,45.99],[83.08,45.93],[83.18,45.68],[83.25,45.39],[83.25,45.26],[83.24,45.16],[83.19,45.12],[81.83,45.19],[81.48,45.14],[81.43,45.11],[81.37,45.07],[81.23,44.82],[81.01,44.58],[80.98,44.51],[80.91,44.44],[80.78,44.4],[79.86,44.37],[79.75,44.33],[79.6,44.23],[79.08,44.07],[78.81,43.94],[78.77,43.93],[78.73,43.93],[78.57,43.98],[78.54,43.98],[78.05,43.94],[77.74,43.94],[77.71,43.96],[77.68,44],[77.59,44.22],[77.56,44.25],[77.53,44.27],[77.03,44.23],[76.92,44.25],[76.83,44.29],[76.79,44.36],[76.8,44.46],[76.86,44.59],[76.94,44.67],[77.04,44.72],[77.36,44.78],[77.45,44.81],[78.18,45.48],[78.31,45.56],[78.7,45.65],[79.91,45.7],[80.05,45.77],[80.52,46.18],[80.66,46.26],[80.82,46.31],[80.89,46.31],[80.97,46.28],[81.43,45.91],[81.81,45.74],[82.05,45.67]]]}},{"type":"Feature","properties":{"name":"Khasi Hills"},"geometry":{"type":"Polygon","coordinates":[[[93.93,26.49],[93.38,25.73],[93.37,25.69],[93.38,25.67],[93.43,25.61],[93.45,25.54],[93.46,25.46],[93.44,25.38],[93.41,25.3],[93.36,25.22],[93.3,25.16],[93.24,25.13],[93.15,25.1],[93.07,25.09],[92.98,25.09],[91.98,25.32],[90.67,25.29],[90.48,25.34],[90.4,25.38],[90.37,25.41],[90.35,25.46],[90.32,25.58],[90.32,25.71],[90.34,25.83],[90.36,25.88],[90.39,25.91],[90.43,25.94],[90.48,25.96],[90.57,25.98],[90.68,25.98],[90.65,25.98],[90.77,26.02],[91.14,26.07],[91.84,26.26],[92.49,26.28],[92.74,26.34],[92.81,26.38],[92.87,26.42],[93.01,26.62],[93.03,26.65],[93.06,26.66],[93.77,26.66],[93.87,26.64],[93.94,26.6],[93.95,26.55],[93.93,26.49]]]}},{"type":"Feature","properties":{"name":"Lesser Caucasus"},"geometry":{"type":"Polygon","coordinates":[[[45.29,41.35],[45.59,41.2],[46.44,40.69],[46.55,40.61],[46.7,40.42],[46.79,40.33],[47,40.15],[47.12,40.04],[47.18,39.93],[47.19,39.88],[47.17,39.67],[47.19,39.56],[47.21,39.45],[47.22,39.33],[47.21,39.23],[47.14,39.13],[47.04,39.08],[46.92,39.06],[46.8,39.05],[46.57,39.03],[46.46,39.03],[46.33,39.05],[46.16,39.13],[45.99,39.23],[45.67,39.44],[45.32,39.64],[45.22,39.72],[45.13,39.81],[45.07,39.91],[44.87,40.25],[44.78,40.37],[44.67,40.45],[44.52,40.48],[44.46,40.47],[44.39,40.47],[44.33,40.46],[44.27,40.47],[44.22,40.5],[44.14,40.54],[44.07,40.59],[44.03,40.62],[44,40.74],[43.99,40.86],[43.98,40.98],[43.9,41.07],[43.84,41.09],[43.77,41.1],[43.63,41.1],[43.33,41.12],[43.23,41.12],[43.02,41.14],[42.72,41.25],[42.61,41.29],[42.39,41.33],[42.23,41.32],[42.15,41.32],[42.08,41.33],[42.03,41.37],[42,41.39],[41.95,41.43],[41.88,41.57],[41.88,41.73],[41.89,41.75],[41.94,41.88],[42.02,41.97],[42.13,42.05],[42.26,42.11],[42.41,42.14],[42.49,42.15],[42.64,42.15],[42.71,42.16],[42.96,42.23],[43.05,42.25],[43.2,42.25],[43.34,42.22],[43.61,42.12],[43.76,42.08],[44.23,42.05],[44.37,42],[44.49,41.91],[44.58,41.79],[44.67,41.66],[44.79,41.52],[44.93,41.45],[45.1,41.41],[45.29,41.35]]]}},{"type":"Feature","properties":{"name":"PONTIC MOUNTAINS"},"geometry":{"type":"Polygon","coordinates":[[[35.65,41.63],[35.71,41.64],[35.81,41.69],[35.85,41.69],[35.91,41.65],[35.94,41.62],[35.99,41.55],[36.02,41.52],[36.15,41.4],[36.27,41.32],[36.34,41.3],[36.38,41.29],[36.41,41.27],[36.51,41.26],[36.51,41.27],[36.52,41.27],[36.59,41.26],[36.85,41.25],[36.98,41.23],[37.03,41.21],[37.05,41.21],[37.07,41.18],[37.13,41.17],[37.17,41.16],[37.19,41.15],[37.22,41.13],[37.35,41.1],[37.42,41.09],[37.42,41.09],[37.62,41.07],[37.62,41.06],[37.69,41.05],[37.84,41],[37.89,40.99],[37.9,40.98],[37.91,40.98],[37.99,40.97],[38.05,40.97],[38.08,40.97],[38.38,40.92],[38.56,40.94],[38.68,40.97],[38.73,40.97],[38.88,40.96],[38.95,40.96],[39.08,41.02],[39.15,41.04],[39.24,41.05],[39.26,41.05],[39.28,41.05],[39.44,41.06],[39.54,41.06],[39.54,41.06],[39.59,41.05],[39.81,40.98],[39.91,40.97],[40,40.98],[40.13,40.94],[40.27,40.96],[40.33,40.98],[40.4,40.98],[40.46,40.98],[40.5,40.99],[40.55,41.01],[40.6,41.03],[40.7,41.08],[40.82,41.11],[41.17,41.17],[41.29,41.19],[41.4,41.24],[41.49,41.32],[41.5,41.33],[41.54,41.38],[41.63,41.54],[41.67,41.61],[41.72,41.67],[41.74,41.7],[41.77,41.72],[41.81,41.75],[41.84,41.76],[41.88,41.75],[41.89,41.75],[41.92,41.73],[41.97,41.67],[42,41.6],[42.03,41.51],[42.03,41.45],[42,41.39],[41.99,41.36],[41.9,41.17],[41.58,40.8],[41,40.45],[40.12,40.21],[39.09,40.14],[38.14,40.2],[37.31,40.34],[35.59,40.9],[35.06,41.02],[34.46,41.1],[34.26,41.14],[34.11,41.24],[34.05,41.38],[34.12,41.57],[34.31,41.77],[34.53,41.88],[34.79,41.92],[35.06,41.89],[35.13,41.87],[35.13,41.87],[35.15,41.86],[35.21,41.79],[35.3,41.73],[35.56,41.63],[35.58,41.64],[35.6,41.63],[35.6,41.63],[35.65,41.63]]]}},{"type":"Feature","properties":{"name":"KUH RUD MOUNTAINS"},"geometry":{"type":"Polygon","coordinates":[[[55.92,28.91],[55.73,28.9],[55.58,28.95],[55.42,29.03],[54.84,29.35],[54.75,29.39],[54.56,29.42],[54.48,29.44],[54.38,29.48],[54.16,29.62],[53.97,29.78],[53.81,29.96],[53.66,30.15],[53.46,30.38],[53.03,30.8],[52.83,31.04],[52.55,31.5],[52.44,31.65],[52.17,31.91],[52.06,32.05],[51.98,32.21],[51.92,32.55],[51.88,32.71],[51.78,32.86],[51.53,33.05],[51.27,33.16],[51,33.26],[50.73,33.4],[50.63,33.48],[50.57,33.56],[50.54,33.65],[50.5,33.77],[50.47,33.87],[50.42,33.94],[50.13,34.25],[50,34.45],[49.95,34.67],[50.06,34.87],[50.14,34.91],[50.22,34.9],[50.3,34.87],[50.38,34.82],[50.79,34.53],[50.91,34.38],[51.1,34.06],[51.23,33.91],[51.37,33.8],[51.53,33.71],[52.07,33.45],[52.18,33.38],[52.26,33.3],[52.3,33.23],[52.32,33.16],[52.35,33],[52.46,32.69],[52.65,32.41],[53.33,31.63],[54.45,30.63],[54.79,30.37],[55.15,30.14],[55.95,29.7],[56.13,29.55],[56.21,29.35],[56.18,29.16],[56.08,29.01],[55.92,28.91]]]}},{"type":"Feature","properties":{"name":"Balkan Mts."},"geometry":{"type":"Polygon","coordinates":[[[23.59,43.51],[25.22,43.37],[25.69,43.4],[26.05,43.47],[26.43,43.5],[26.77,43.5],[27.02,43.48],[27.2,43.45],[27.33,43.4],[27.41,43.3],[27.43,43.1],[27.3,42.91],[26.89,42.69],[26.14,42.53],[25,42.51],[23.83,42.63],[23.3,42.74],[22.92,42.89],[22.65,43.13],[22.44,43.44],[22.33,43.7],[22.38,43.81],[22.6,43.77],[23.25,43.56],[23.59,43.51]]]}},{"type":"Feature","properties":{"name":"Dinaric Alps"},"geometry":{"type":"MultiPolygon","coordinates":[[[[16.56,45.16],[17.14,45.05],[19.51,44.76],[19.7,44.72],[19.93,44.64],[19.95,44.64],[20.06,44.6],[20.55,44.48],[20.71,44.42],[20.78,44.38],[20.84,44.34],[20.89,44.29],[20.99,44.17],[21.04,44.13],[21.16,44.05],[21.27,43.95],[21.38,43.81],[21.47,43.67],[21.54,43.53],[21.59,43.4],[21.63,43.25],[21.64,43.09],[21.61,42.95],[21.55,42.88],[21.47,42.81],[21.22,42.62],[21.17,42.59],[21.13,42.58],[21.05,42.62],[20.89,42.73],[20.8,42.77],[20.66,42.77],[20.54,42.72],[19.99,42.32],[19.88,42.22],[19.81,42.17],[19.73,42.12],[19.66,42.07],[19.61,42],[19.6,41.96],[19.6,41.92],[19.61,41.88],[19.62,41.85],[19.61,41.84],[19.6,41.82],[19.59,41.82],[19.58,41.81],[19.55,41.8],[19.47,41.86],[19.34,41.87],[19.19,41.95],[19.12,42.06],[19.03,42.13],[19.03,42.14],[19,42.23],[18.85,42.32],[18.63,42.42],[18.63,42.42],[18.65,42.44],[18.59,42.44],[18.58,42.44],[18.56,42.45],[18.54,42.45],[18.25,42.6],[18.22,42.62],[18.21,42.62],[18.05,42.69],[18.04,42.7],[17.98,42.72],[17.82,42.8],[17.79,42.8],[17.79,42.81],[17.77,42.81],[17.68,42.85],[17.58,42.9],[17.72,42.85],[17.67,42.9],[17.59,42.94],[17.54,42.96],[17.33,43.11],[17.13,43.21],[16.9,43.39],[16.6,43.46],[16.39,43.54],[16.27,43.53],[16.13,43.51],[16.08,43.51],[16.03,43.52],[15.95,43.59],[15.95,43.61],[15.94,43.66],[15.82,43.74],[15.68,43.8],[15.66,43.81],[15.64,43.84],[15.47,43.99],[15.41,44.05],[15.38,44.11],[15.37,44.19],[15.37,44.28],[15.37,44.29],[15.37,44.29],[15.47,44.27],[15.38,44.33],[15.37,44.34],[15.36,44.38],[15.3,44.44],[15.12,44.52],[15.1,44.53],[15.02,44.59],[14.92,44.69],[14.89,44.72],[14.89,44.82],[14.91,44.97],[14.85,45.08],[14.63,45.22],[14.55,45.3],[14.39,45.34],[14.36,45.34],[14.33,45.35],[14.32,45.35],[14.28,45.35],[14.18,45.35],[14.13,45.35],[14.09,45.36],[14.04,45.38],[13.96,45.43],[13.85,45.51],[13.79,45.6],[13.78,45.61],[13.77,45.62],[13.78,45.63],[13.75,45.65],[13.75,45.65],[13.73,45.69],[13.72,45.71],[13.67,45.78],[13.6,45.98],[13.6,45.99],[13.72,46.15],[13.94,46.22],[14.16,46.2],[14.45,46.1],[14.99,45.91],[15.2,45.82],[15.99,45.4],[16.56,45.16]]],[[[16.77,43.36],[16.83,43.35],[16.89,43.31],[16.88,43.3],[16.77,43.36]]],[[[14.78,45],[14.77,45.03],[14.81,44.98],[14.78,44.97],[14.78,45]]]]}},{"type":"Feature","properties":{"name":"Cord. Cantábrica"},"geometry":{"type":"Polygon","coordinates":[[[-3.08,43.26],[-2.88,43.26],[-2.28,43.27],[-2.19,43.27],[-2.16,43.27],[-2.01,43.24],[-1.97,43.2],[-1.91,43.13],[-1.95,42.98],[-1.97,42.87],[-2.36,42.77],[-5.51,42.8],[-6.4,42.68],[-6.69,42.69],[-6.99,42.74],[-7.07,42.76],[-7.16,42.79],[-7.24,42.83],[-7.32,42.88],[-7.38,42.94],[-7.41,43.01],[-7.4,43.09],[-7.33,43.18],[-7.15,43.3],[-6.95,43.36],[-5.67,43.43],[-3.47,43.33],[-3.26,43.29],[-3.08,43.26]]]}},{"type":"Feature","properties":{"name":"S. Nevada"},"geometry":{"type":"Polygon","coordinates":[[[-2.94,36.84],[-3.18,36.83],[-3.79,36.86],[-4.37,36.94],[-4.46,36.95],[-4.54,36.98],[-4.62,37.01],[-4.68,37.06],[-4.7,37.1],[-4.71,37.14],[-4.71,37.19],[-4.69,37.25],[-4.53,37.43],[-4.32,37.57],[-3.87,37.76],[-3.66,37.83],[-3.4,37.88],[-3.13,37.92],[-2.92,37.92],[-2.76,37.9],[-2.25,37.77],[-2.12,37.73],[-2.02,37.66],[-1.97,37.55],[-1.98,37.41],[-2.03,37.2],[-2.08,37.1],[-2.15,37.02],[-2.27,36.96],[-2.42,36.93],[-2.71,36.88],[-2.83,36.86],[-2.94,36.84]]]}},{"type":"Feature","properties":{"name":"Sierra Morena"},"geometry":{"type":"Polygon","coordinates":[[[-2.91,38.73],[-2.84,38.73],[-2.75,38.73],[-2.7,38.73],[-2.66,38.72],[-2.58,38.69],[-2.53,38.65],[-2.5,38.6],[-2.49,38.52],[-2.5,38.43],[-2.53,38.36],[-2.58,38.31],[-2.65,38.27],[-2.75,38.22],[-2.8,38.2],[-2.85,38.2],[-3.07,38.18],[-3.15,38.17],[-3.35,38.1],[-3.46,38.08],[-3.56,38.1],[-3.66,38.13],[-4.1,38.17],[-4.21,38.16],[-4.32,38.15],[-4.53,38.09],[-4.57,38.08],[-4.6,38.05],[-4.67,37.99],[-4.71,37.96],[-4.77,37.93],[-4.84,37.92],[-4.98,37.91],[-5.04,37.89],[-5.76,37.67],[-6.12,37.6],[-6.3,37.56],[-6.61,37.42],[-6.76,37.38],[-6.92,37.36],[-7.07,37.38],[-7.13,37.39],[-7.18,37.42],[-7.21,37.46],[-7.21,37.52],[-7.19,37.59],[-7.16,37.65],[-7.07,37.77],[-7.01,37.86],[-6.98,37.91],[-6.94,37.94],[-6.78,38.04],[-6.61,38.12],[-6.44,38.19],[-6.22,38.26],[-6.14,38.29],[-6.1,38.31],[-5.85,38.4],[-5.78,38.41],[-5.71,38.42],[-5.64,38.42],[-5.5,38.39],[-5.43,38.39],[-5.35,38.41],[-5.26,38.47],[-5.09,38.62],[-5,38.67],[-4.87,38.7],[-4.15,38.8],[-4.04,38.82],[-3.92,38.84],[-3.8,38.83],[-3.57,38.8],[-3.23,38.78],[-2.91,38.73]]]}},{"type":"Feature","properties":{"name":"Hadhramaut"},"geometry":{"type":"Polygon","coordinates":[[[48.65,14.05],[48.59,14.05],[48.45,14.01],[48.33,14],[48.33,14],[48.17,14.02],[47.99,14.05],[47.93,14.02],[47.89,14.02],[47.76,13.99],[47.63,13.93],[47.29,13.74],[47.06,13.65],[46.82,13.62],[46.6,13.7],[46.54,13.82],[46.52,14],[46.56,14.52],[46.6,14.69],[46.66,14.86],[46.76,15.02],[46.95,15.22],[47.02,15.29],[47.15,15.47],[47.22,15.56],[47.31,15.63],[47.48,15.74],[48.68,16.35],[49.33,16.55],[50,16.69],[51.21,16.87],[51.49,16.88],[51.69,16.81],[51.77,16.7],[51.83,16.54],[51.87,16.38],[51.88,16.25],[51.87,16.09],[51.81,15.77],[51.8,15.61],[51.75,15.44],[51.75,15.44],[51.68,15.38],[51.68,15.38],[51.6,15.34],[51.32,15.23],[51.09,15.16],[50.83,15.11],[50.54,15.05],[50.4,15.01],[50.19,14.92],[50.1,14.89],[49.92,14.84],[49.55,14.79],[49.29,14.67],[49.18,14.54],[49.1,14.5],[49.05,14.46],[49,14.36],[48.93,14.27],[48.81,14.16],[48.65,14.05]]]}},{"type":"Feature","properties":{"name":"Admiralty Mountains"},"geometry":{"type":"Polygon","coordinates":[[[169.88,-71.65],[170.02,-71.59],[170.16,-71.63],[170.25,-71.57],[170.26,-71.51],[170.35,-71.48],[170.48,-71.85],[170.44,-71.91],[170.41,-71.95],[170.22,-71.95],[170.03,-72.12],[169.95,-72.4],[170.08,-72.4],[169.98,-72.55],[167.76,-72.16],[167.47,-71.61],[167.6,-71.37],[167.6,-71.37],[167.83,-71.19],[167.94,-71.21],[169.88,-71.65]]]}},{"type":"Feature","properties":{"name":"Prince Albert Mountains"},"geometry":{"type":"Polygon","coordinates":[[[162.35,-76.26],[162.48,-76.63],[161.98,-77.33],[160.71,-77.11],[159.83,-76.74],[159.9,-76.44],[159.9,-76.44],[160.09,-75.97],[161.88,-75.84],[162.35,-76.26]]]}},{"type":"Feature","properties":{"name":"Queen Alexandra Range"},"geometry":{"type":"Polygon","coordinates":[[[171.26,-83.68],[168.4,-84.82],[167.12,-84.75],[164.95,-84.73],[164.02,-84.41],[165.04,-83.86],[165.04,-83.86],[166.07,-83.55],[167.42,-83.48],[171.26,-83.68]]]}},{"type":"Feature","properties":{"name":"Flood Range"},"geometry":{"type":"Polygon","coordinates":[[[-131.29,-76.42],[-133.92,-76.75],[-136.25,-76.58],[-136.54,-76.08],[-135.92,-75.54],[-135.08,-75.29],[-133.08,-75.12],[-131,-75.04],[-131,-75.04],[-131,-75.96],[-131.29,-76.42]]]}},{"type":"Feature","properties":{"name":"Ford Ranges"},"geometry":{"type":"Polygon","coordinates":[[[-143.5,-76.42],[-143.79,-77.29],[-144.54,-78.21],[-148.08,-79],[-148.77,-78.74],[-149.21,-78.58],[-149.21,-78.26],[-149.21,-78.04],[-147.33,-77.62],[-146.33,-77.48],[-146.07,-77.49],[-145.68,-77.49],[-145.6,-77.46],[-145.65,-77.4],[-145.67,-77.38],[-145.67,-77.37],[-145.6,-77.22],[-145.52,-77.2],[-145.56,-77.16],[-145.58,-77.16],[-145.33,-76.54],[-145.21,-76],[-144.33,-75.79],[-144.33,-75.79],[-143.33,-75.67],[-143.5,-76.42]]]}},{"type":"Feature","properties":{"name":"Prince Charles Mountains"},"geometry":{"type":"Polygon","coordinates":[[[64.81,-73.94],[64.81,-73.94],[63.69,-73.56],[65.69,-71.62],[66.94,-70.5],[67.6,-70.32],[67.66,-70.33],[67.94,-70.42],[68.56,-70.41],[68.76,-70.37],[69.02,-70.33],[69.03,-70.33],[68.98,-70.63],[68.98,-70.63],[67.78,-71.54],[66.46,-72.97],[64.81,-73.94]]]}},{"type":"Feature","properties":{"name":"Scott Mountains"},"geometry":{"type":"Polygon","coordinates":[[[51.29,-67.43],[51.1,-67.83],[49.79,-67.92],[49.27,-67.88],[49.35,-67.56],[49.35,-67.56],[49.9,-67.33],[50.7,-67.28],[51.29,-67.43]]]}},{"type":"Feature","properties":{"name":"Napier Mountains"},"geometry":{"type":"Polygon","coordinates":[[[54.63,-66.07],[55.38,-66.16],[56.04,-66.43],[55.87,-67.15],[54.76,-67.24],[53.5,-67.07],[53.26,-66.66],[53.67,-66.13],[53.67,-66.13],[54.63,-66.07]]]}},{"type":"Feature","properties":{"name":"Shackleton Range"},"geometry":{"type":"Polygon","coordinates":[[[-18.53,-80.34],[-18.3,-80.91],[-18.6,-80.96],[-19.27,-81.08],[-19.98,-81.19],[-20.04,-81.2],[-20.38,-81.25],[-20.88,-81.22],[-21.92,-81.15],[-23.12,-81.08],[-24.12,-81.01],[-24.53,-80.99],[-29.96,-81.06],[-30.45,-80.68],[-29.11,-80.21],[-29.11,-80.21],[-27.21,-80.16],[-25.09,-80.08],[-24.24,-80.06],[-24.17,-80.04],[-21.28,-79.93],[-20.04,-80.12],[-18.53,-80.34]]]}}]}